,analysis_sample_rate,audio_md5,danceability,duration,end_of_fade_in,energy,idx_bars_confidence,idx_bars_start,idx_beats_confidence,idx_beats_start,idx_sections_confidence,idx_sections_start,idx_segments_confidence,idx_segments_loudness_max,idx_segments_loudness_max_time,idx_segments_loudness_start,idx_segments_pitches,idx_segments_start,idx_segments_timbre,idx_tatums_confidence,idx_tatums_start,key,key_confidence,loudness,mode,mode_confidence,start_of_fade_out,tempo,time_signature,time_signature_confidence,track_id,idx_artist_mbtags,year
0,22050,a9775412e05ad79daa3c44e3e73698a6,0.0,207.28118,3.547,0.0,0,0,0,0,0,0,0,0,0,0,0,0,0,0,0,3,0.807,-9.652,1,0.623,207.281,137.903,4,0.622,TRBCYFQ128F92F67DD,0,0
0,22050,7e49780efaf27a9422b2bd3fb3b8f5c3,0.0,243.25179,0.0,0.0,0,0,0,0,0,0,0,0,0,0,0,0,0,0,0,0,0.032,-9.944,1,0.217,234.098,109.205,4,0.96,TRBCYEC128F423A352,0,1988
0,22050,271d382569ee43612cb1014cf79db1aa,0.0,135.00036,0.078,0.0,0,0,0,0,0,0,0,0,0,0,0,0,0,0,0,0,0.102,-4.94,1,0.487,130.699,156.645,4,0.0,TRBCYBP128F4244304,0,0
0,22050,1b61215324f12b9f4e65b29a1215e5ba,0.0,279.90159,0.0,0.0,0,0,0,0,0,0,0,0,0,0,0,0,0,0,0,10,0.277,-5.241,0,0.311,271.842,220.181,4,1.0,TRBCYNZ128F933ABF5,0,0
0,22050,30514d14ff7c066e935940138adec810,0.0,173.60934,0.0,0.0,0,0,0,0,0,0,0,0,0,0,0,0,0,0,0,1,0.5,-6.601,1,0.452,161.64,108.013,4,1.0,TRBCYOI128F1455566,0,2004
0,22050,9e4cafcdbecd2bf4718461a51c910b86,0.0,177.78893,0.462,0.0,0,0,0,0,0,0,0,0,0,0,0,0,0,0,0,9,0.105,-11.87,1,0.569,172.153,89.803,4,1.0,TRBCYXJ128F42873C3,0,2005
0,22050,11470d9c491ee86679328e76e8fcea3e,0.0,122.06975,0.0,0.0,0,0,0,0,0,0,0,0,0,0,0,0,0,0,0,4,0.598,-9.15,0,0.656,117.075,45.683,4,1.0,TRBCYHR128EF36208A,0,0
0,22050,a99d3d2e5d092302fdf809f3a19697e2,0.0,215.2224,0.211,0.0,0,0,0,0,0,0,0,0,0,0,0,0,0,0,0,2,0.53,-10.41,0,0.589,202.385,98.185,4,0.76,TRBCYYN128F4297CD5,0,2001
0,22050,74abf17ead9740adb34e47f3a1d97c12,0.0,243.61751,0.363,0.0,0,0,0,0,0,0,0,0,0,0,0,0,0,0,0,9,0.568,-3.628,1,0.456,240.565,136.7,4,0.301,TRBCYJG128F93283CB,0,2008
0,22050,0cb6f3813ba822b093fe584aa96be1d0,0.0,202.00444,2.839,0.0,0,0,0,0,0,0,0,0,0,0,0,0,0,0,0,4,0.726,-19.777,0,0.871,189.492,85.762,4,0.0,TRBCYIK12903CB93E7,0,0
0,22050,5e1d099b3aff3dd95d241acc5c8a5bf2,0.0,288.62649,0.0,0.0,0,0,0,0,0,0,0,0,0,0,0,0,0,0,0,7,0.483,-5.297,1,0.543,277.42,92.979,4,0.84,TRBCYAF12903CD6294,0,0
0,22050,00e3e7a3a793652c757f03859e8769f1,0.0,364.77342,0.0,0.0,0,0,0,0,0,0,0,0,0,0,0,0,0,0,0,2,0.512,-7.932,1,0.389,362.405,142.729,4,0.811,TRBCYKH128F4241862,0,0
0,22050,e06ae4e35b619c85f999ee099217c83e,0.0,231.94077,0.525,0.0,0,0,0,0,0,0,0,0,0,0,0,0,0,0,0,2,0.621,-18.981,0,0.691,214.668,108.998,4,0.0,TRBCYCI128F93417F5,0,0
0,22050,fdde92409bf3535f3104db4ca1575dee,0.0,163.83955,0.189,0.0,0,0,0,0,0,0,0,0,0,0,0,0,0,0,0,9,0.086,-9.107,0,0.327,159.173,157.875,4,0.488,TRBCYFO12903D11E5C,0,0
0,22050,d74bf60c0a74471966f2b92ddae1845e,0.0,65.82812,2.723,0.0,0,0,0,0,0,0,0,0,0,0,0,0,0,0,0,0,0.884,-4.367,1,0.664,61.997,120.206,1,0.0,TRBCYNJ128F92C9707,0,0
0,22050,f03438b4c794709d385c05eb939a3d79,0.0,735.60771,11.633,0.0,0,0,0,0,0,0,0,0,0,0,0,0,0,0,0,9,0.703,-7.662,1,0.405,725.589,161.919,7,0.418,TRBCYXD12903CC7609,0,2001
0,22050,b6ccefcd1e9e7685b8861a6f33651fb8,0.0,201.45587,0.419,0.0,0,0,0,0,0,0,0,0,0,0,0,0,0,0,0,4,0.443,-25.604,0,0.481,191.065,76.738,4,0.179,TRBCYJZ128F931426B,0,1977
0,22050,9f552cd5e8d1c11f21062accdcc59489,0.0,203.59791,3.593,0.0,0,0,0,0,0,0,0,0,0,0,0,0,0,0,0,7,0.332,-3.145,1,0.598,197.857,178.339,5,0.996,TRBCMJT128F14B12CC,0,2000
0,22050,ba57255a1561e3a9f1305ca9e6ce93b8,0.0,193.59302,0.247,0.0,0,0,0,0,0,0,0,0,0,0,0,0,0,0,0,5,0.0,-9.335,0,0.312,186.717,182.153,1,0.084,TRBCMNK128F42622BF,0,0
0,22050,529027087ba5e32c5dbb2332d75210b5,0.0,215.64036,0.0,0.0,0,0,0,0,0,0,0,0,0,0,0,0,0,0,0,7,0.356,-4.462,1,0.441,207.215,237.831,4,0.387,TRBCMSO128F92E6AE5,0,2008
0,22050,086b4b980c5c4505aa8148f38ef86fff,0.0,226.87302,0.229,0.0,0,0,0,0,0,0,0,0,0,0,0,0,0,0,0,9,0.735,-10.003,0,0.533,223.945,165.898,4,0.343,TRBCMYM128F92E42BA,0,0
0,22050,26e5988325405ea4fd0bd1ad8a06c98b,0.0,204.93016,0.072,0.0,0,0,0,0,0,0,0,0,0,0,0,0,0,0,0,0,0.725,-10.644,1,0.673,197.114,146.036,4,0.509,TRBCMFZ128F14AFD69,0,1982
0,22050,f89c4b1859efc555fba5c1d0e89b2098,0.0,162.71628,0.311,0.0,0,0,0,0,0,0,0,0,0,0,0,0,0,0,0,5,0.68,-11.726,1,0.572,148.434,95.434,1,0.0,TRBCMDH128F92FA444,0,1965
0,22050,7bdca0ff67845e87408bd556d3c6a5c8,0.0,253.67465,0.076,0.0,0,0,0,0,0,0,0,0,0,0,0,0,0,0,0,7,0.739,-5.29,1,0.498,250.683,87.033,4,0.864,TRBCMHI128F148B17F,0,0
0,22050,427a35502049a8ec9eafc597fe9bbca1,0.0,230.79138,0.0,0.0,0,0,0,0,0,0,0,0,0,0,0,0,0,0,0,0,0.633,-9.884,1,0.582,220.444,107.466,4,0.644,TRBCMWI128F933D625,0,0
0,22050,7edd634fbd4649b6a47be9cb492296fa,0.0,170.84036,0.2,0.0,0,0,0,0,0,0,0,0,0,0,0,0,0,0,0,7,0.863,-9.909,1,0.726,160.978,138.471,4,0.251,TRBCMNO128F92D58E5,0,2008
0,22050,35b72f0784cfbaafe42b37cb6a16560f,0.0,337.76281,0.354,0.0,0,0,0,0,0,0,0,0,0,0,0,0,0,0,0,1,0.247,-5.623,1,0.314,337.763,223.323,7,0.847,TRBCKWQ12903CC81E0,0,2005
0,22050,06c0340acdde0b5346b2f2c45af6d656,0.0,291.42159,0.0,0.0,0,0,0,0,0,0,0,0,0,0,0,0,0,0,0,5,0.624,0.566,1,0.402,282.511,138.387,3,0.951,TRBCKPU128F92D9B79,0,2008
0,22050,fe6a4140456be25f246eeaed71b25f18,0.0,242.9122,0.0,0.0,0,0,0,0,0,0,0,0,0,0,0,0,0,0,0,5,0.677,-25.63,1,0.557,224.624,145.099,7,0.68,TRBCKEI128F92FE542,0,0
0,22050,c15733aa05336e75bcef87e29d97bf98,0.0,258.92526,0.0,0.0,0,0,0,0,0,0,0,0,0,0,0,0,0,0,0,6,0.465,-5.81,0,0.325,258.925,148.877,4,0.586,TRBCKNC128F4282300,0,2004
0,22050,7ad40bb1bc56efeb26134d986073c1dd,0.0,275.3824,0.0,0.0,0,0,0,0,0,0,0,0,0,0,0,0,0,0,0,4,0.292,-3.214,1,0.413,271.325,155.038,4,0.228,TRBCKSF128F932FA70,0,2008
0,22050,c0e36e592f3a6a2a79305e21af1828a2,0.0,229.01506,2.368,0.0,0,0,0,0,0,0,0,0,0,0,0,0,0,0,0,11,0.165,-13.229,1,0.24,216.474,92.01,4,0.769,TRBCKFA128F9336580,0,0
0,22050,af0caabb0931428b6b25db5b2d632e3e,0.0,216.81587,0.142,0.0,0,0,0,0,0,0,0,0,0,0,0,0,0,0,0,2,0.756,-6.439,1,0.607,216.816,193.361,4,1.0,TRBCKEE12903CB853A,0,0
0,22050,b2bff9da3ece332a6a147f3ecd93a64c,0.0,228.80608,0.299,0.0,0,0,0,0,0,0,0,0,0,0,0,0,0,0,0,2,0.0,-5.675,1,0.093,228.806,144.038,4,0.955,TRBCKYU12903CB5D10,0,0
0,22050,a5224679c8bd01ea914a9d244fa65be4,0.0,211.35628,0.0,0.0,0,0,0,0,0,0,0,0,0,0,0,0,0,0,0,5,0.381,-10.616,1,0.306,197.033,135.111,4,0.058,TRBCKXX128F92FD505,0,0
0,22050,f44e19119213741af95b4da444e5baa2,0.0,285.02159,0.225,0.0,0,0,0,0,0,0,0,0,0,0,0,0,0,0,0,11,0.967,-12.159,1,0.58,267.523,149.01,4,0.172,TRBCKNP128F4222D54,0,1991
0,22050,4dbe2cd4993720cd5122fa31c7421ae5,0.0,230.24281,0.0,0.0,0,0,0,0,0,0,0,0,0,0,0,0,0,0,0,8,0.701,-5.106,1,0.591,226.975,104.0,4,0.953,TRBCKRF128F9320920,0,2004
0,22050,e9d80d40527ea036d0ea47db6f5d11de,0.0,179.06893,0.078,0.0,0,0,0,0,0,0,0,0,0,0,0,0,0,0,0,5,0.78,-12.55,1,0.545,169.645,111.199,3,1.0,TRBCNAJ128F934266F,0,0
0,22050,dd14ab6aed3b7642f6f2f911337010b4,0.0,181.55057,2.264,0.0,0,0,0,0,0,0,0,0,0,0,0,0,0,0,0,5,0.386,-18.006,1,0.322,172.669,121.971,3,0.625,TRBCNVH128F149DCC1,0,0
0,22050,83401cda21bba219db2fc0064b3ef099,0.0,164.62322,5.01,0.0,0,0,0,0,0,0,0,0,0,0,0,0,0,0,0,10,0.342,-25.677,0,0.544,147.11,59.863,5,0.785,TRBCNQN128F425AC27,0,0
0,22050,7e946cd8db47c7b74d33f8a1ea2c4d35,0.0,162.35057,0.164,0.0,0,0,0,0,0,0,0,0,0,0,0,0,0,0,0,1,0.625,-17.422,1,0.425,147.946,146.474,4,1.0,TRBCNSM128F933D958,0,1991
0,22050,e950a2d0210779f7b60683e0f175d1a0,0.0,252.47302,0.223,0.0,0,0,0,0,0,0,0,0,0,0,0,0,0,0,0,6,0.072,-10.007,0,0.417,232.292,118.023,4,0.928,TRBCNGI128F42597B4,0,2000
0,22050,2053992c6338b7d1a804ad2053fca5d7,0.0,48.69179,2.368,0.0,0,0,0,0,0,0,0,0,0,0,0,0,0,0,0,1,0.0,-26.128,0,0.0,43.984,69.986,1,0.0,TRBCNTP128F93530CF,0,0
0,22050,e7b58ca5efbb099b867c2974223bbaf2,0.0,255.63383,0.096,0.0,0,0,0,0,0,0,0,0,0,0,0,0,0,0,0,6,0.225,-3.084,1,0.145,253.457,92.649,4,1.0,TRBCNWM128F92D50EC,0,2002
0,22050,64318fea974db42508bf32e7960d61ab,0.0,320.31302,0.0,0.0,0,0,0,0,0,0,0,0,0,0,0,0,0,0,0,2,0.293,-5.521,1,0.518,315.472,120.032,4,1.0,TRBCNUB12903CA79C7,0,0
0,22050,9bec334af4af89c27aa2d2a9f2c415f5,0.0,186.17424,0.0,0.0,0,0,0,0,0,0,0,0,0,0,0,0,0,0,0,2,0.389,-6.504,1,0.417,180.762,101.214,4,1.0,TRBCNRB128F9331CDD,0,0
0,22050,71797ed778dfa3567256e269eb897e3b,0.0,284.1073,0.293,0.0,0,0,0,0,0,0,0,0,0,0,0,0,0,0,0,3,0.42,-12.727,1,0.41,274.582,167.553,4,0.435,TRBCNUH12903CC27A5,0,1996
0,22050,509b9ad27f61f62a870d96d6a8b144c7,0.0,251.29751,0.282,0.0,0,0,0,0,0,0,0,0,0,0,0,0,0,0,0,7,0.626,-10.851,1,0.67,238.515,79.744,4,0.425,TRBCRVT128F93073E7,0,1994
0,22050,7cf65722788a2ad2ee54b3e2c349bf2c,0.0,99.00363,0.257,0.0,0,0,0,0,0,0,0,0,0,0,0,0,0,0,0,6,0.756,-8.096,1,0.577,99.004,184.283,4,0.187,TRBCRSH128F9327458,0,0
0,22050,ca856425ab24b2e74db050a023a07f57,0.0,397.06077,5.625,0.0,0,0,0,0,0,0,0,0,0,0,0,0,0,0,0,2,0.626,-30.478,1,0.558,382.816,132.053,3,0.363,TRBCRVT128F4264E2A,0,0
0,22050,5e4703150127fa24b9650caee0797c27,0.0,148.00934,0.341,0.0,0,0,0,0,0,0,0,0,0,0,0,0,0,0,0,9,0.842,-13.18,1,0.644,141.299,76.907,4,0.787,TRBCRCV128F933860B,0,0
0,22050,58d2cd5e48395041af8090155560203a,0.0,243.06893,0.0,0.0,0,0,0,0,0,0,0,0,0,0,0,0,0,0,0,2,0.099,-10.608,1,0.14,235.212,201.532,5,0.628,TRBCRNO128F92E2AA2,0,0
0,22050,123b5ce83abb5d01803495dc21a1356d,0.0,514.0371,2.409,0.0,0,0,0,0,0,0,0,0,0,0,0,0,0,0,0,6,0.745,-5.823,1,0.579,503.409,100.244,1,0.261,TRBCRFK128F935E655,0,0
0,22050,1c76614340ba3417441b8f140926961e,0.0,362.50077,0.313,0.0,0,0,0,0,0,0,0,0,0,0,0,0,0,0,0,1,0.543,-25.499,1,0.484,349.066,112.566,4,0.113,TRBCRCU12903CD3E19,0,1987
0,22050,168079e55af58e872510e8eba31a47e1,0.0,401.65832,0.266,0.0,0,0,0,0,0,0,0,0,0,0,0,0,0,0,0,1,0.866,-14.129,1,0.67,381.185,124.754,4,0.421,TRBCRDS128F426018C,0,2003
0,22050,442d85b71809348aafbae35bcbb14c56,0.0,109.37424,5.422,0.0,0,0,0,0,0,0,0,0,0,0,0,0,0,0,0,9,0.753,-22.417,1,0.791,96.792,109.257,4,0.756,TRBCRLW128F425AC34,0,0
0,22050,b414b0835cd59acf7bfca486a92c3c8c,0.0,246.02077,0.0,0.0,0,0,0,0,0,0,0,0,0,0,0,0,0,0,0,1,0.009,-15.011,0,0.29,226.191,162.009,4,0.804,TRBCRKZ128F4241B9E,0,0
0,22050,d9deae3f80bbbeb22f38ccfa4d048140,0.0,214.54322,12.179,0.0,0,0,0,0,0,0,0,0,0,0,0,0,0,0,0,2,0.245,-7.652,1,0.414,210.947,150.082,4,0.916,TRBCRKF128F14AD398,0,2005
0,22050,d99777cd6e29cb2d1dc321f76b9cf387,0.0,338.36363,0.0,0.0,0,0,0,0,0,0,0,0,0,0,0,0,0,0,0,7,0.462,-8.67,1,0.549,333.142,150.014,4,0.0,TRBCRUH128F930DB67,0,1995
0,22050,fa8a8d4ba26ad603f774c038ec5e53ae,0.0,198.5824,0.241,0.0,0,0,0,0,0,0,0,0,0,0,0,0,0,0,0,5,0.5,-12.272,1,0.387,194.426,142.198,1,0.0,TRBCRMX128F92EBE1F,0,0
0,22050,44ef0a3106ddc21cb1b55168ac366632,0.0,146.57261,0.45,0.0,0,0,0,0,0,0,0,0,0,0,0,0,0,0,0,7,0.497,-10.164,1,0.596,139.029,127.188,1,0.0,TRBCRJJ128F145D998,0,0
0,22050,ea301db8d1ec0d562576c3467c079cca,0.0,229.14567,0.0,0.0,0,0,0,0,0,0,0,0,0,0,0,0,0,0,0,3,0.489,-5.587,1,0.541,218.157,98.299,4,0.803,TRBCRRZ12903CEBAC1,0,0
0,22050,86d8481a2fd79281930fc7b58e4626a1,0.0,110.15791,3.419,0.0,0,0,0,0,0,0,0,0,0,0,0,0,0,0,0,2,0.753,-20.678,0,0.789,101.93,133.369,4,0.497,TRBCRIM128F1496280,0,0
0,22050,14063ea8ad4a70294b705e3fd40bc082,0.0,340.4273,0.113,0.0,0,0,0,0,0,0,0,0,0,0,0,0,0,0,0,5,0.092,-5.298,1,0.366,336.904,127.585,4,0.552,TRBCRDW128F422D8BA,0,1999
0,22050,ee8f1e871a4cc0767ac151169cb93d6b,0.0,123.8722,0.148,0.0,0,0,0,0,0,0,0,0,0,0,0,0,0,0,0,0,0.86,-4.399,1,0.632,114.556,155.524,4,0.411,TRBCCEG128F9321406,0,2003
0,22050,eea95222bed15ed670608a08bb4120f6,0.0,241.84118,0.508,0.0,0,0,0,0,0,0,0,0,0,0,0,0,0,0,0,9,0.777,-5.134,1,0.75,227.219,91.231,4,1.0,TRBCCJV128F92F23B0,0,2003
0,22050,c60e9e4b23e81626ea597db594e17ed5,0.0,276.21832,0.0,0.0,0,0,0,0,0,0,0,0,0,0,0,0,0,0,0,4,0.342,-5.812,1,0.298,262.745,84.157,4,0.063,TRBCCYW12903CEC282,0,2006
0,22050,2ed7b797aafff400f3cc411df803ce83,0.0,174.96771,0.246,0.0,0,0,0,0,0,0,0,0,0,0,0,0,0,0,0,1,0.376,-15.852,1,0.368,170.864,87.056,1,0.718,TRBCCWW128F933F246,0,1983
0,22050,71bf57e85096609ceaf19c11303cb460,0.0,149.9424,0.258,0.0,0,0,0,0,0,0,0,0,0,0,0,0,0,0,0,0,0.263,-6.244,1,0.447,149.942,161.47,4,0.638,TRBCCQR128F92FA11A,0,0
0,22050,e62c1f7c5f37a2fabe8d3a8adc62a7cf,0.0,133.27628,0.136,0.0,0,0,0,0,0,0,0,0,0,0,0,0,0,0,0,11,0.742,-8.473,1,0.619,125.504,37.965,4,0.0,TRBCCLU12903CDBAC4,0,0
0,22050,1c879f7a7a40c33a6f12a29e5472e0cc,0.0,196.91057,0.0,0.0,0,0,0,0,0,0,0,0,0,0,0,0,0,0,0,1,0.589,-7.481,1,0.473,177.296,200.265,4,1.0,TRBCCAJ128F148CBBB,0,1999
0,22050,450f309fe0e0de1bfd689ece0c0ffb1a,0.0,260.44036,0.0,0.0,0,0,0,0,0,0,0,0,0,0,0,0,0,0,0,5,0.389,-7.545,0,0.495,253.858,130.421,5,0.441,TRBCCAP12903CDE877,0,0
0,22050,acebdc7697874633a53954a0a32ee5aa,0.0,269.34812,2.81,0.0,0,0,0,0,0,0,0,0,0,0,0,0,0,0,0,9,0.468,-6.294,1,0.333,259.535,136.82,4,0.0,TRBCJSZ128E07969B5,0,2005
0,22050,1020ad7a0acf4d2c02309e98bbc25734,0.0,277.83791,6.327,0.0,0,0,0,0,0,0,0,0,0,0,0,0,0,0,0,5,0.178,-6.399,1,0.312,268.98,116.957,3,0.618,TRBCJUF128F93190C2,0,2009
0,22050,ccc0a3805e3015c9ba02a1f9972a878a,0.0,362.68363,0.0,0.0,0,0,0,0,0,0,0,0,0,0,0,0,0,0,0,11,0.791,-4.577,0,0.61,351.66,124.05,4,0.296,TRBCJTN128F42A23C2,0,0
0,22050,6b7adffdf8a98fb4062f4a78eb259cb5,0.0,124.39465,0.0,0.0,0,0,0,0,0,0,0,0,0,0,0,0,0,0,0,9,0.745,-8.039,1,0.584,112.774,177.098,4,0.0,TRBCJRW12903CD02BC,0,0
0,22050,332b028e0c91ff4a2eb76acb9d7a39bc,0.0,272.95302,0.154,0.0,0,0,0,0,0,0,0,0,0,0,0,0,0,0,0,7,1.0,-9.846,1,0.803,266.449,124.023,3,0.853,TRBCJIX128F424F99E,0,2002
0,22050,b0cef3edb32cffd55459c71d3cdd8ce5,0.0,295.10485,0.0,0.0,0,0,0,0,0,0,0,0,0,0,0,0,0,0,0,2,0.696,-10.602,1,0.8,279.307,94.315,5,0.785,TRBCJQH128F1497A7B,0,0
0,22050,3c304bcaae5febe81cc8a280866c0eca,0.0,199.07873,0.113,0.0,0,0,0,0,0,0,0,0,0,0,0,0,0,0,0,4,0.744,-6.641,1,0.411,192.377,123.335,3,0.94,TRBCJQW128F4253E5F,0,0
0,22050,605d3e31f0c32135ec98f45808c62afb,0.0,187.74159,0.165,0.0,0,0,0,0,0,0,0,0,0,0,0,0,0,0,0,5,0.029,-11.088,1,0.345,181.243,118.719,4,0.541,TRBCJKE12903CE3A8B,0,0
0,22050,b5e2a34268795a697580bf0e5ce706b3,0.0,501.2371,0.0,0.0,0,0,0,0,0,0,0,0,0,0,0,0,0,0,0,5,0.294,-9.817,1,0.367,487.851,114.831,4,0.714,TRBCJVF128F14A8A16,0,1977
0,22050,7c45ab2962a297d1abb5443729c01f44,0.0,398.602,0.0,0.0,0,0,0,0,0,0,0,0,0,0,0,0,0,0,0,3,1.0,-16.864,1,0.849,384.993,179.547,1,0.922,TRBCJDC128EF35DF44,0,2006
0,22050,29189ad158ea8ca640ff92be653ff6e1,0.0,291.39546,3.605,0.0,0,0,0,0,0,0,0,0,0,0,0,0,0,0,0,1,0.305,-16.246,1,0.218,281.577,107.965,4,0.9,TRBCJQH128F93143A6,0,0
0,22050,76174d4c9fba3d6752055b558fe60a67,0.0,94.51057,0.0,0.0,0,0,0,0,0,0,0,0,0,0,0,0,0,0,0,2,0.491,-9.406,0,0.544,94.511,116.828,3,0.669,TRBCJBG128F92F39AD,0,0
0,22050,031665b1a5028cbb318ad2268a108fba,0.0,352.02567,0.0,0.0,0,0,0,0,0,0,0,0,0,0,0,0,0,0,0,1,0.487,-5.929,1,0.491,352.026,127.873,4,0.594,TRBCSHV12903CC5297,0,0
0,22050,74bdb0689ec9369769c5bb6c01d9e8d3,0.0,311.14404,0.0,0.0,0,0,0,0,0,0,0,0,0,0,0,0,0,0,0,5,0.247,-9.55,0,0.486,311.144,140.0,3,1.0,TRBCSLC128F421BD25,0,2008
0,22050,be584b8421d134443135c965643cc57c,0.0,202.26567,0.184,0.0,0,0,0,0,0,0,0,0,0,0,0,0,0,0,0,9,0.457,-3.723,0,0.472,195.558,90.681,1,0.808,TRBCSSP128F933B1D2,0,0
0,22050,d223d410e802e249e9fda00b227360c6,0.0,260.72771,4.569,0.0,0,0,0,0,0,0,0,0,0,0,0,0,0,0,0,10,0.038,-9.508,1,0.448,245.65,128.713,4,0.0,TRBCSPV128F4262DD7,0,1994
0,22050,d4abde87731cd8c4c0f41e3af0b6df80,0.0,173.68771,0.961,0.0,0,0,0,0,0,0,0,0,0,0,0,0,0,0,0,2,0.407,-12.957,1,0.571,161.367,185.583,4,0.0,TRBCSTN12903D13548,0,1990
0,22050,aba323190dc35bd789df3d95e68c63fd,0.0,105.35138,0.142,0.0,0,0,0,0,0,0,0,0,0,0,0,0,0,0,0,7,0.371,-11.187,0,0.284,95.289,112.053,4,0.56,TRBCSYN128F92F4B62,0,2000
0,22050,fa98a539b6b2195e2e917383e8a20edd,0.0,184.68526,0.247,0.0,0,0,0,0,0,0,0,0,0,0,0,0,0,0,0,5,0.601,-9.579,1,0.606,181.354,104.52,4,0.52,TRBCSZQ128F92F9043,0,0
0,22050,80ef4b904c3846e182a50c0fe44fd7da,0.0,209.00526,0.076,0.0,0,0,0,0,0,0,0,0,0,0,0,0,0,0,0,0,0.738,-4.92,1,0.671,205.827,130.031,4,0.837,TRBCSDW128F424D686,0,2008
0,22050,d056b61789a35d555b264972aeecfb56,0.0,93.09995,0.137,0.0,0,0,0,0,0,0,0,0,0,0,0,0,0,0,0,0,1.0,-27.011,1,0.904,86.181,85.774,1,0.991,TRBCSLT128F92C8260,0,0
0,22050,06fab2d458508a43bd6efcf3824efa25,0.0,148.79302,0.238,0.0,0,0,0,0,0,0,0,0,0,0,0,0,0,0,0,9,0.848,-8.601,1,0.581,138.791,179.311,1,0.0,TRBCSVE12903D13D5C,0,1959
0,22050,31147797aeb92f2f3c5918854cf9f795,0.0,239.35955,0.0,0.0,0,0,0,0,0,0,0,0,0,0,0,0,0,0,0,8,0.772,-4.994,1,0.637,235.967,96.941,4,1.0,TRBCSSE12903CBE261,0,2009
0,22050,340cbf7b24b11f697eead92c343d89b5,0.0,201.50812,0.17,0.0,0,0,0,0,0,0,0,0,0,0,0,0,0,0,0,5,0.956,-19.572,1,0.797,187.199,69.489,1,0.0,TRBCSBO128F9332822,0,0
0,22050,b8cc2500af6bcd8934c83e330d0bb630,0.0,339.06893,0.212,0.0,0,0,0,0,0,0,0,0,0,0,0,0,0,0,0,1,0.99,-9.163,1,0.843,327.663,174.108,3,0.935,TRBCSAV128F933A8F8,0,0
0,22050,caa54de0359fac7d0d3fb7328e5e410e,0.0,164.54485,0.113,0.0,0,0,0,0,0,0,0,0,0,0,0,0,0,0,0,11,0.172,-14.022,1,0.289,154.424,97.243,4,0.719,TRBCSMO128F9342B20,0,0
0,22050,c7d221ad7c55672ebe632894b0b1904b,0.0,216.45016,0.188,0.0,0,0,0,0,0,0,0,0,0,0,0,0,0,0,0,5,0.461,-11.675,1,0.453,205.578,83.712,7,0.141,TRBCSLF128E0795524,0,0
0,22050,ef63b0cf0f585f0a5b704ec687ccae8a,0.0,194.61179,5.817,0.0,0,0,0,0,0,0,0,0,0,0,0,0,0,0,0,1,1.0,-8.903,1,0.94,178.387,149.435,1,0.0,TRBCSMH128F146A146,0,1976
0,22050,46051d2c294e2f01fabd623c9a9d3de0,0.0,92.00281,0.0,0.0,0,0,0,0,0,0,0,0,0,0,0,0,0,0,0,7,0.0,-12.884,0,0.0,86.895,87.392,1,0.632,TRBCQRZ128F1477E75,0,2006
0,22050,27b69587b24860a054c661ee1e5b6cab,0.0,174.10567,0.0,0.0,0,0,0,0,0,0,0,0,0,0,0,0,0,0,0,5,0.504,-8.192,1,0.408,174.106,125.028,4,0.0,TRBCQWN12903CDA7EC,0,1968
0,22050,512b3e049312bdbd8de5e55850346989,0.0,194.32444,3.866,0.0,0,0,0,0,0,0,0,0,0,0,0,0,0,0,0,2,0.65,-12.374,1,0.86,187.907,189.997,4,0.617,TRBCQDI128EF342954,0,2001
0,22050,7919c61584046d63964c375a4a569e47,0.0,141.66159,0.602,0.0,0,0,0,0,0,0,0,0,0,0,0,0,0,0,0,6,0.267,-16.465,1,0.493,133.654,85.472,4,0.069,TRBCQDO128F9314C76,0,1992
0,22050,eddd7f70973804d287b769827ed8e30c,0.0,147.66975,0.438,0.0,0,0,0,0,0,0,0,0,0,0,0,0,0,0,0,4,0.303,-7.8,1,0.475,135.082,89.157,4,0.408,TRBCQQH128E0791D0E,0,0
0,22050,b3da769366d4ac55c7c01c9f0a97e15e,0.0,203.54567,0.0,0.0,0,0,0,0,0,0,0,0,0,0,0,0,0,0,0,11,0.926,-10.348,1,0.826,190.526,74.619,1,0.0,TRBCQQC128F4253DCD,0,0
0,22050,2a7cb6e3dcaffb80784d6d1a9bca8bfa,0.0,233.66485,0.148,0.0,0,0,0,0,0,0,0,0,0,0,0,0,0,0,0,11,0.0,-6.446,1,0.349,220.247,137.951,3,0.667,TRBCQLB128F9332CF4,0,2009
0,22050,00a1436a7c44bbbf0baeadf5414b1350,0.0,257.01832,0.232,0.0,0,0,0,0,0,0,0,0,0,0,0,0,0,0,0,9,0.227,-8.226,1,0.316,244.907,124.942,4,1.0,TRBCQIK128F9342FD8,0,0
0,22050,f2cb4d3ff9864e123688cfe8221e2f64,0.0,180.45342,0.59,0.0,0,0,0,0,0,0,0,0,0,0,0,0,0,0,0,7,0.165,-3.949,1,0.446,175.444,90.473,4,0.539,TRBCQXJ128F9341051,0,0
0,22050,5b7f54efbccc43570962b409615a1e84,0.0,189.85751,0.119,0.0,0,0,0,0,0,0,0,0,0,0,0,0,0,0,0,2,0.155,-8.669,1,0.323,186.845,122.826,1,0.0,TRBCVVB128F92EB308,0,1969
0,22050,09905df015bf74cb5f64a77836310e21,0.0,234.05669,0.235,0.0,0,0,0,0,0,0,0,0,0,0,0,0,0,0,0,1,0.099,-5.914,0,0.39,222.319,111.253,1,0.798,TRBCVXB128F429C17A,0,2005
0,22050,b5bb4b135a75cf007c80e21f219a51d6,0.0,144.74404,2.287,0.0,0,0,0,0,0,0,0,0,0,0,0,0,0,0,0,8,0.064,-14.849,1,0.521,134.606,111.852,4,1.0,TRBCVKL128F92CE9EF,0,2005
0,22050,c1d20a96ab7c34a22cf6e90bbf61524a,0.0,46.00118,0.601,0.0,0,0,0,0,0,0,0,0,0,0,0,0,0,0,0,6,0.129,-17.165,0,0.472,46.001,118.183,1,0.0,TRBCVWC128F4269F8B,0,0
0,22050,962800d9b09119a6e07f78e3cc965759,0.0,362.34404,0.206,0.0,0,0,0,0,0,0,0,0,0,0,0,0,0,0,0,8,0.006,-7.015,1,0.229,340.283,145.717,4,0.986,TRBCVFF128F4222C3C,0,2001
0,22050,353b004beaeb06599c82cb7d319b597a,0.0,183.53587,0.403,0.0,0,0,0,0,0,0,0,0,0,0,0,0,0,0,0,2,0.355,-7.173,1,0.305,178.422,171.924,4,1.0,TRBCVBK128E07813EC,0,2001
0,22050,ae70c1acdc0f38e8495c85f6866bb377,0.0,1610.00444,0.432,0.0,0,0,0,0,0,0,0,0,0,0,0,0,0,0,0,7,0.034,-32.874,1,0.003,1602.467,47.891,4,0.0,TRBCVOS128F92F037C,0,0
0,22050,9c7809990c502f875e209ce7390d6367,0.0,232.56771,0.264,0.0,0,0,0,0,0,0,0,0,0,0,0,0,0,0,0,0,0.837,-10.181,1,0.692,228.333,140.09,4,0.457,TRBCVPD12903CECBE8,0,0
0,22050,ed9c8241fe68cb2f97b45459a6c63d21,0.0,232.28036,0.357,0.0,0,0,0,0,0,0,0,0,0,0,0,0,0,0,0,7,0.702,-12.256,1,0.782,225.094,117.492,3,0.525,TRBCVPA12903CEEB1F,0,0
0,22050,1a58e06479afde7040c0222a2e924428,0.0,251.21914,0.45,0.0,0,0,0,0,0,0,0,0,0,0,0,0,0,0,0,11,0.388,-5.224,1,0.444,251.219,206.376,4,0.462,TRBCVWC128F932F321,0,1993
0,22050,1944bf8c7ba475149202953692ae1818,0.0,236.69506,0.345,0.0,0,0,0,0,0,0,0,0,0,0,0,0,0,0,0,10,0.666,-8.671,1,0.485,222.854,90.089,7,0.649,TRBCVKD128F1473B98,0,1972
0,22050,cc4fe7189ce74a330629518c47f531d1,0.0,160.73098,0.264,0.0,0,0,0,0,0,0,0,0,0,0,0,0,0,0,0,0,0.107,-13.716,1,0.575,150.843,120.366,4,1.0,TRBCVQL128F422572E,0,0
0,22050,fd66bd0f1c5663ea41ccd2c898ece998,0.0,132.64934,0.0,0.0,0,0,0,0,0,0,0,0,0,0,0,0,0,0,0,4,0.039,-11.145,1,0.396,118.52,67.458,4,0.0,TRBCVKB128F9331EC6,0,2004
0,22050,ba4f966ed6fb3303c514cb73bef755e6,0.0,188.3424,0.52,0.0,0,0,0,0,0,0,0,0,0,0,0,0,0,0,0,11,0.387,-14.043,1,0.328,180.674,108.049,1,0.0,TRBCEOS128F42A0474,0,0
0,22050,6078324cd93ac1b75a7cb4890827872e,0.0,210.25914,0.125,0.0,0,0,0,0,0,0,0,0,0,0,0,0,0,0,0,7,0.692,-5.72,0,0.58,208.242,167.011,4,0.0,TRBCENO128F146C85B,0,2005
0,22050,c2bee6b7d8ae824a87823be4a3030efb,0.0,201.482,0.717,0.0,0,0,0,0,0,0,0,0,0,0,0,0,0,0,0,5,0.241,-5.132,1,0.261,201.482,122.985,1,0.0,TRBCEON12903CEF0C9,0,0
0,22050,8b7468cbebc45bfc9cb3e9a3c74083b1,0.0,290.06322,0.377,0.0,0,0,0,0,0,0,0,0,0,0,0,0,0,0,0,2,0.711,-14.492,1,0.303,281.304,152.606,3,0.717,TRBCEDV128F14AE898,0,0
0,22050,1e07560ced074526332c824a3e858312,0.0,155.53261,0.0,0.0,0,0,0,0,0,0,0,0,0,0,0,0,0,0,0,0,0.113,-15.971,1,0.474,149.072,107.718,4,0.008,TRBCEAB12903CA10FC,0,1992
0,22050,378687b5839ebb2e1222450a5ae9db72,0.0,334.54975,1.421,0.0,0,0,0,0,0,0,0,0,0,0,0,0,0,0,0,0,0.881,-8.536,1,0.631,325.045,112.962,4,0.0,TRBCEDG128F9309254,0,0
0,22050,39020ccdbe36007da227e55f78b7ab47,0.0,120.89424,0.0,0.0,0,0,0,0,0,0,0,0,0,0,0,0,0,0,0,4,0.689,-28.547,1,0.461,114.521,127.949,1,0.0,TRBCEYG128F1478610,0,0
0,22050,f944a93e1bc0d76402ed6f75676be86e,0.0,212.4273,0.554,0.0,0,0,0,0,0,0,0,0,0,0,0,0,0,0,0,2,0.395,-20.274,0,0.605,204.045,37.42,1,0.0,TRBCEDT128F4260EC5,0,0
0,22050,74ed67e6df2c9fe19542a2bdd901757d,0.0,307.22567,0.45,0.0,0,0,0,0,0,0,0,0,0,0,0,0,0,0,0,7,0.827,-14.399,1,0.404,291.033,134.258,4,0.938,TRBCEVJ128F428E090,0,1985
0,22050,6983e1a751dcbae7602d0f8ed0a4003c,0.0,398.10567,0.392,0.0,0,0,0,0,0,0,0,0,0,0,0,0,0,0,0,1,0.266,-14.28,1,0.316,373.487,120.083,4,0.228,TRBCEOA128F93090D6,0,0
0,22050,13785643a28462f1b674e559cc0f3e90,0.0,427.07546,0.136,0.0,0,0,0,0,0,0,0,0,0,0,0,0,0,0,0,1,0.2,-9.428,1,0.328,415.759,213.718,5,0.129,TRBCEST128F9327FBF,0,2001
0,22050,32c90ff0cccf9d86c4828dd8ef9d2e58,0.0,172.48608,0.583,0.0,0,0,0,0,0,0,0,0,0,0,0,0,0,0,0,7,0.335,-12.141,1,0.498,163.596,201.578,4,0.0,TRBCHGD128F421754A,0,0
0,22050,fdf2a4cdbc56188a86fb6c4968c5bf69,0.0,301.13914,0.0,0.0,0,0,0,0,0,0,0,0,0,0,0,0,0,0,0,10,0.605,-7.401,1,0.578,291.91,116.01,3,0.918,TRBCHIL128F4281434,0,1996
0,22050,496867d70c4477dbfa73a208b3ef0226,0.0,447.08526,1.245,0.0,0,0,0,0,0,0,0,0,0,0,0,0,0,0,0,7,0.677,-11.106,1,0.675,434.84,125.584,4,0.516,TRBCHWH128F92F7E9B,0,0
0,22050,f0acd2591bd38b908ebdcfbe9ce3b878,0.0,117.02812,0.258,0.0,0,0,0,0,0,0,0,0,0,0,0,0,0,0,0,4,0.446,-7.24,0,0.285,113.731,156.179,4,0.0,TRBCHOY12903CD9688,0,2002
0,22050,ca31c28378b22e7d67c9b349651e623d,0.0,234.10893,0.293,0.0,0,0,0,0,0,0,0,0,0,0,0,0,0,0,0,0,0.679,-9.148,1,0.808,225.785,122.425,5,0.737,TRBCHEE128F92F82D0,0,1995
0,22050,52957ebbf7f9558e428c3707f8cf85d7,0.0,276.6624,0.409,0.0,0,0,0,0,0,0,0,0,0,0,0,0,0,0,0,9,0.704,-12.086,1,0.712,266.269,118.427,4,0.844,TRBCHAG128F428CEAC,0,1990
0,22050,941af072f3b7eef4ced5de8fd4638cc0,0.0,85.91628,0.166,0.0,0,0,0,0,0,0,0,0,0,0,0,0,0,0,0,4,0.584,-10.7,0,0.651,79.929,130.221,3,0.846,TRBCHBA12903CE8F85,0,0
0,22050,630dc4c262e2c680d0cec7219431594f,0.0,167.60118,0.078,0.0,0,0,0,0,0,0,0,0,0,0,0,0,0,0,0,11,0.568,-5.988,0,0.226,163.59,116.638,4,0.0,TRBCHSH128F93304E1,0,0
0,22050,9bf9eaaa1713bc983b509c158ef650e9,0.0,193.69751,0.061,0.0,0,0,0,0,0,0,0,0,0,0,0,0,0,0,0,1,0.073,-12.369,0,0.322,188.732,240.5,3,1.0,TRBCHFG128F9353D72,0,0
0,22050,010e044ce9cbf0e44694975177ebcf0f,0.0,158.82404,0.247,0.0,0,0,0,0,0,0,0,0,0,0,0,0,0,0,0,0,0.33,-6.627,0,0.373,155.678,106.565,4,0.598,TRBCHRA128F9357174,0,2004
0,22050,5ff8f6321826a7fe7c5184fcc180e582,0.0,176.97914,0.183,0.0,0,0,0,0,0,0,0,0,0,0,0,0,0,0,0,1,0.0,-15.759,1,0.0,169.152,92.046,4,0.341,TRBCHRQ128F932F5EE,0,0
0,22050,635f212f68fc055a7592eb0c47ef8f19,0.0,269.06077,0.0,0.0,0,0,0,0,0,0,0,0,0,0,0,0,0,0,0,8,0.593,-10.925,1,0.678,259.872,150.049,4,0.51,TRBCPTO12903CBBFD9,0,0
0,22050,0fae8f32a0ce900d425ce2917cb12c16,0.0,134.68689,0.171,0.0,0,0,0,0,0,0,0,0,0,0,0,0,0,0,0,5,0.918,-11.197,1,0.699,127.083,106.218,4,0.95,TRBCPIP12903CB81D4,0,0
0,22050,cff2cd566b2fa3be9f4e551e8192acdd,0.0,160.62649,0.205,0.0,0,0,0,0,0,0,0,0,0,0,0,0,0,0,0,0,0.899,-6.94,1,0.724,152.143,131.074,4,0.009,TRBCPXR128F42AC544,0,2005
0,22050,5a55703102c3b208291f7b4ed850e924,0.0,274.1024,0.0,0.0,0,0,0,0,0,0,0,0,0,0,0,0,0,0,0,0,0.413,-10.03,1,0.465,263.68,152.077,5,0.57,TRBCPKL128F42A97A4,0,2000
0,22050,8f83a2b4077c18c9e885e4c5f4113bcc,0.0,200.6722,0.096,0.0,0,0,0,0,0,0,0,0,0,0,0,0,0,0,0,7,0.275,-13.269,1,0.39,189.521,120.716,4,1.0,TRBCBMG12903CDE2A4,0,1992
0,22050,32a78ec6cc31fb4ba9abf69dbf2ee499,0.0,200.51546,0.0,0.0,0,0,0,0,0,0,0,0,0,0,0,0,0,0,0,0,0.493,-7.076,0,0.445,193.434,103.465,3,1.0,TRBCBMO128F92C77B9,0,2008
0,22050,d8954ff1c68425f8e10709a51954c469,0.0,276.00934,0.0,0.0,0,0,0,0,0,0,0,0,0,0,0,0,0,0,0,5,0.844,-7.196,0,0.875,272.637,161.345,4,0.892,TRBCBQT128F426B79A,0,0
0,22050,53f3e8e53565b2f3b8a26affeba35483,0.0,223.97342,0.194,0.0,0,0,0,0,0,0,0,0,0,0,0,0,0,0,0,9,0.258,-7.364,0,0.325,210.617,88.505,3,0.553,TRBCBVY128F933A195,0,1989
0,22050,9df28f8939e4d1148235276c3ce95fe5,0.0,252.08118,0.0,0.0,0,0,0,0,0,0,0,0,0,0,0,0,0,0,0,4,0.014,-5.131,0,0.206,248.924,206.936,4,0.0,TRBCBLN128F932BC9D,0,2004
0,22050,83a932b355975752fc7cd0585972c8ae,0.0,165.74649,3.024,0.0,0,0,0,0,0,0,0,0,0,0,0,0,0,0,0,10,0.71,-8.701,0,0.687,155.643,93.847,4,0.0,TRBCBOY12903CC66C6,0,2005
0,22050,44b2b3aed419451ac84344caa7accadb,0.0,203.28444,0.0,0.0,0,0,0,0,0,0,0,0,0,0,0,0,0,0,0,10,0.616,-12.228,1,0.476,203.284,99.309,4,0.88,TRBCBBR12903CA2FA7,0,0
0,22050,8c2dbcb878f4c9c4b7d1942f0d9dd00c,0.0,148.63628,0.411,0.0,0,0,0,0,0,0,0,0,0,0,0,0,0,0,0,9,0.631,-10.182,1,0.602,143.517,121.162,1,0.0,TRBCBBN128F428A232,0,0
0,22050,221c2838d01fdccb88ad8cd90a186bd0,0.0,219.08853,0.38,0.0,0,0,0,0,0,0,0,0,0,0,0,0,0,0,0,4,0.901,-13.943,1,0.824,208.347,131.634,4,0.567,TRBCBLV128F14ADF31,0,0
0,22050,69c3b4e4886cbba5dafd8b8013aac470,0.0,247.11791,0.0,0.0,0,0,0,0,0,0,0,0,0,0,0,0,0,0,0,10,0.2,-24.19,1,0.258,221.977,80.002,1,0.0,TRBCBVO128F92D4299,0,2006
0,22050,64975ec82c3c7a2d4b76b3face7394a2,0.0,202.10893,0.0,0.0,0,0,0,0,0,0,0,0,0,0,0,0,0,0,0,10,0.532,-6.176,0,0.492,202.109,94.918,4,0.883,TRBCBRN128F42A1372,0,0
0,22050,3fdbf0a4d4cc2a0223e1de4bd320806f,0.0,241.8673,2.154,0.0,0,0,0,0,0,0,0,0,0,0,0,0,0,0,0,2,0.0,-8.03,1,0.256,221.594,90.703,3,0.652,TRBCBXZ128F14628C3,0,1995
0,22050,7c9a5ba7f646ab3982b6327a551f178c,0.0,270.44526,0.0,0.0,0,0,0,0,0,0,0,0,0,0,0,0,0,0,0,11,0.234,-4.935,1,0.34,263.378,148.363,4,0.657,TRBCBAM128F92E3044,0,2007
0,22050,876b135e0f9988b11387562825ea37bc,0.0,170.9971,0.415,0.0,0,0,0,0,0,0,0,0,0,0,0,0,0,0,0,9,0.808,-15.08,1,0.632,165.314,140.144,1,0.0,TRBCBVI128F429F994,0,1997
0,22050,fe539d4cec72d55aca0a895c206b6569,0.0,263.65342,0.484,0.0,0,0,0,0,0,0,0,0,0,0,0,0,0,0,0,7,0.535,-11.832,1,0.61,255.936,148.627,3,0.45,TRBCBYQ128F42981F1,0,1971
0,22050,ed1ec974ae6f3c8db30b1b4cad950213,0.0,281.12934,0.0,0.0,0,0,0,0,0,0,0,0,0,0,0,0,0,0,0,6,0.332,-6.765,0,0.543,277.873,151.746,1,0.261,TRBCBSK12903CA2DD3,0,2001
0,22050,f8ef444da41f9c8fb7e5bd7f630bc51a,0.0,213.15873,0.171,0.0,0,0,0,0,0,0,0,0,0,0,0,0,0,0,0,7,0.654,-10.959,0,0.652,198.891,136.492,4,0.0,TRBCBFV128E0795B94,0,0
0,22050,6b0b8af4c7f91f1e25292f01206b84ac,0.0,307.98322,0.0,0.0,0,0,0,0,0,0,0,0,0,0,0,0,0,0,0,2,0.712,-7.929,1,0.661,297.465,101.375,3,0.799,TRBCBSX128F42663F2,0,0
0,22050,9f68fac620c9b904073f908a2d65499d,0.0,610.01098,0.0,0.0,0,0,0,0,0,0,0,0,0,0,0,0,0,0,0,9,0.039,-8.491,0,0.13,607.213,123.261,5,0.962,TRBCUYD128F930DC65,0,0
0,22050,c608373d697cbe94cebc10c752e68e41,0.0,157.20444,2.682,0.0,0,0,0,0,0,0,0,0,0,0,0,0,0,0,0,0,0.641,-13.454,1,0.607,147.557,131.198,1,0.173,TRBCUUU128F425CA73,0,1997
0,22050,8625e22c645c3679bcb9e53ab952f04e,0.0,242.6771,0.183,0.0,0,0,0,0,0,0,0,0,0,0,0,0,0,0,0,10,0.577,-23.202,0,0.475,235.276,151.255,1,0.0,TRBCUWM128F92FDD7E,0,1988
0,22050,1b1d4eb68d88ebeec50245e0e5ca2628,0.0,201.58649,0.142,0.0,0,0,0,0,0,0,0,0,0,0,0,0,0,0,0,7,0.663,-2.87,0,0.639,197.097,182.977,4,0.472,TRBCUPT128F1462B73,0,2003
0,22050,55753bcb1f68d80b9e91912cde7aa325,0.0,497.89342,0.075,0.0,0,0,0,0,0,0,0,0,0,0,0,0,0,0,0,1,0.703,-15.469,1,0.652,491.52,60.856,4,0.557,TRBCULZ128F426BC12,0,0
0,22050,3cbc05c561156694b9000a06ced6ca87,0.0,143.67302,0.0,0.0,0,0,0,0,0,0,0,0,0,0,0,0,0,0,0,10,0.204,-13.921,1,0.378,141.125,107.405,3,0.653,TRBCURH12903CAD622,0,0
0,22050,186e1af728e7f014e132b608a2bf176e,0.0,204.79955,0.276,0.0,0,0,0,0,0,0,0,0,0,0,0,0,0,0,0,4,0.535,-6.407,1,0.484,204.8,104.972,4,0.976,TRBCUBD128F1456B1F,0,2001
0,22050,3c74a81c10aff8c1b747609c774125b8,0.0,306.31138,0.334,0.0,0,0,0,0,0,0,0,0,0,0,0,0,0,0,0,5,0.393,-9.341,1,0.396,296.304,107.021,3,0.721,TRBCULX128F92F5CB3,0,0
0,22050,13f178e56cf8c348a65aab653384653c,0.0,278.83057,0.148,0.0,0,0,0,0,0,0,0,0,0,0,0,0,0,0,0,7,0.037,-15.782,1,0.506,262.983,90.556,1,0.371,TRBCUIV128F9309077,0,0
0,22050,43ec158580d8c04ef4f3b227754981e8,0.0,173.13914,0.395,0.0,0,0,0,0,0,0,0,0,0,0,0,0,0,0,0,5,0.329,-6.455,0,0.295,167.311,121.797,5,0.315,TRBCULU128F931AABB,0,2007
0,22050,46166e005a1bbce2fac620b2d6cdd2dd,0.0,128.33914,0.0,0.0,0,0,0,0,0,0,0,0,0,0,0,0,0,0,0,11,0.282,-6.1,0,0.442,128.339,121.549,4,0.0,TRBCUST128F932CBA2,0,2004
0,22050,dd6280ef8c6365842e2bb076ee534d04,0.0,69.642,0.484,0.0,0,0,0,0,0,0,0,0,0,0,0,0,0,0,0,10,0.258,-8.967,1,0.338,62.851,93.104,4,0.261,TRBCUMB128F14AD232,0,2004
0,22050,a355146699b435d13a0be71d9a66532b,0.0,215.87546,3.907,0.0,0,0,0,0,0,0,0,0,0,0,0,0,0,0,0,10,0.782,-15.901,1,0.538,210.535,131.4,4,0.0,TRBCUBV128F145F7E9,0,2000
0,22050,f2d7309f3d09969ae92e57de8b157a4b,0.0,312.45016,0.235,0.0,0,0,0,0,0,0,0,0,0,0,0,0,0,0,0,1,0.238,-5.671,1,0.546,301.929,119.955,4,0.826,TRBCDEW12903CA9142,0,2001
0,22050,30f3df71f92c1d0fc33c6e092b267a94,0.0,399.51628,0.264,0.0,0,0,0,0,0,0,0,0,0,0,0,0,0,0,0,2,0.484,-12.321,0,0.461,387.199,151.391,4,0.375,TRBCDRM128F428FCCB,0,0
0,22050,c1dd4c931819ff78002d9472bad8729b,0.0,111.22893,0.0,0.0,0,0,0,0,0,0,0,0,0,0,0,0,0,0,0,1,0.583,-5.665,1,0.59,101.889,202.65,4,0.0,TRBCDCS128F422F0CF,0,1997
0,22050,385f806677da67c33540c804e9f93aa6,0.0,254.24934,2.188,0.0,0,0,0,0,0,0,0,0,0,0,0,0,0,0,0,5,0.503,-10.111,0,0.514,239.566,101.111,5,0.886,TRBCDGL128F424C47D,0,0
0,22050,5c02b4166a3608b74f1bdbab066a6af7,0.0,126.74567,0.618,0.0,0,0,0,0,0,0,0,0,0,0,0,0,0,0,0,9,0.824,-21.056,1,0.826,119.856,98.401,1,0.24,TRBCDCF12903CE2E16,0,0
0,22050,7d9047da119e9c19f7b02998db69579a,0.0,172.72118,0.322,0.0,0,0,0,0,0,0,0,0,0,0,0,0,0,0,0,2,0.325,-8.643,1,0.56,163.463,123.381,4,0.809,TRBCDHQ128F92F9AE8,0,1967
0,22050,fe4a6de0c2f00e57e62151c43bb2ac08,0.0,361.79546,0.113,0.0,0,0,0,0,0,0,0,0,0,0,0,0,0,0,0,8,0.581,-3.633,1,0.449,355.666,142.972,4,0.149,TRBCDNH128F93492A6,0,0
0,22050,f4d353501624e0deefcdd053a73de9fe,0.0,358.37342,0.0,0.0,0,0,0,0,0,0,0,0,0,0,0,0,0,0,0,10,0.245,-4.386,0,0.123,355.254,160.102,4,0.0,TRBCWYB128F92E246A,0,0
0,22050,f53ecd03775f3ec530f3dd5691fa28e2,0.0,191.7122,0.369,0.0,0,0,0,0,0,0,0,0,0,0,0,0,0,0,0,5,0.827,-16.021,1,0.72,178.904,149.682,3,0.46,TRBCWLD128F932AC6A,0,0
0,22050,cb11ff9e9af98b9f860756ebea234a85,0.0,131.65669,5.416,0.0,0,0,0,0,0,0,0,0,0,0,0,0,0,0,0,1,0.095,-14.707,1,0.354,123.768,0.0,1,0.908,TRBCWCQ128F92CDDA8,0,2005
0,22050,2d50d1cd2b2f4f7efe3027fd251663ec,0.0,202.34404,0.345,0.0,0,0,0,0,0,0,0,0,0,0,0,0,0,0,0,9,0.218,-8.622,1,0.375,198.246,101.438,1,0.0,TRBCWZZ128F930EDB0,0,0
0,22050,55f3b8eff33d435270ec69912e819845,0.0,353.04444,0.113,0.0,0,0,0,0,0,0,0,0,0,0,0,0,0,0,0,7,0.54,-8.192,1,0.569,330.641,91.973,4,1.0,TRBCWYJ128F93213A1,0,0
0,22050,04a7b75aeffdbc56372bc9b03fae37aa,0.0,260.98893,5.445,0.0,0,0,0,0,0,0,0,0,0,0,0,0,0,0,0,1,0.843,-5.445,1,0.666,249.516,131.981,4,0.579,TRBCWQL12903D01904,0,0
0,22050,929311f17fa90870c70dbee9440d93fb,0.0,240.48281,0.0,0.0,0,0,0,0,0,0,0,0,0,0,0,0,0,0,0,4,0.359,-6.335,0,0.365,235.712,160.655,1,0.0,TRBCWQC12903CA45DE,0,2003
0,22050,4c517ec39936c25ea9da069baba07947,0.0,234.81424,0.155,0.0,0,0,0,0,0,0,0,0,0,0,0,0,0,0,0,11,0.034,-4.704,0,0.322,223.881,119.969,4,0.0,TRBCWNH128F93103EE,0,2008
0,22050,0224b29136b1e8dac9f4de88645a8d08,0.0,193.72363,0.0,0.0,0,0,0,0,0,0,0,0,0,0,0,0,0,0,0,3,0.183,-16.886,0,0.175,181.888,89.093,4,0.918,TRBCWID12903CEDB3E,0,0
0,22050,5f91aade44d7900f471b49d37a46cc7c,0.0,294.76526,0.0,0.0,0,0,0,0,0,0,0,0,0,0,0,0,0,0,0,5,0.079,-6.538,0,0.501,294.765,84.623,5,1.0,TRBCWIN128F425ED85,0,0
0,22050,fd4aa88acf6065ec02e41318a589d4e0,0.0,120.76363,0.214,0.0,0,0,0,0,0,0,0,0,0,0,0,0,0,0,0,8,0.196,-9.9,1,0.226,114.329,180.054,4,0.437,TRBCWCU12903CFB6A2,0,1958
0,22050,c5b078fbc41308d9c8dc1bf7d764c3b5,0.0,130.45506,0.0,0.0,0,0,0,0,0,0,0,0,0,0,0,0,0,0,0,9,0.327,-12.748,1,0.707,127.135,66.275,4,0.795,TRBCWIA128F4220805,0,2006
0,22050,403a21348f236f533aafb3889c3dc877,0.0,301.45261,7.036,0.0,0,0,0,0,0,0,0,0,0,0,0,0,0,0,0,9,0.0,-8.326,1,0.339,297.39,117.949,4,1.0,TRBCWPC128F42438DF,0,2008
0,22050,eb9301a8046675021a43863a15c46a46,0.0,213.62893,0.066,0.0,0,0,0,0,0,0,0,0,0,0,0,0,0,0,0,11,0.0,-6.969,0,0.069,209.229,93.317,4,0.609,TRBCWOW128F1467692,0,1999
0,22050,5aa9977cc7003ca12c5289dc3e0d8ad9,0.0,242.02404,0.0,0.0,0,0,0,0,0,0,0,0,0,0,0,0,0,0,0,8,0.902,-5.75,1,0.68,228.351,114.95,4,0.281,TRBCWKZ128F42439D3,0,0
0,22050,e82967d58f19461187e28c9c36bf8fbe,0.0,151.58812,0.182,0.0,0,0,0,0,0,0,0,0,0,0,0,0,0,0,0,6,0.385,-14.547,0,0.462,144.353,91.632,4,0.0,TRBCWGM128F428D6FD,0,2000
0,22050,db78f0564ed9b6a29a37406028003c51,0.0,110.78485,0.366,0.0,0,0,0,0,0,0,0,0,0,0,0,0,0,0,0,7,0.94,-12.418,1,0.654,101.065,106.783,1,0.0,TRBCZBH128F93406DE,0,0
0,22050,c4e95042f7908c87fb6986b41344c289,0.0,379.08853,0.224,0.0,0,0,0,0,0,0,0,0,0,0,0,0,0,0,0,4,0.225,-6.649,0,0.14,364.629,123.157,4,1.0,TRBCZJY12903CDA661,0,0
0,22050,d0e75b2982124a6214662b9c89703689,0.0,229.92934,2.188,0.0,0,0,0,0,0,0,0,0,0,0,0,0,0,0,0,9,0.0,-10.905,1,0.0,222.766,118.657,4,1.0,TRBCZXU128F424C431,0,0
0,22050,1aa6a75b03d385c884ea608dce97aaae,0.0,220.78649,0.0,0.0,0,0,0,0,0,0,0,0,0,0,0,0,0,0,0,9,0.53,-8.943,0,0.454,220.786,231.089,3,1.0,TRBCZKX12903C9E64C,0,1969
0,22050,f74964c8ea40feaba30796e94e50b675,0.0,111.46404,0.224,0.0,0,0,0,0,0,0,0,0,0,0,0,0,0,0,0,2,0.203,-16.037,1,0.355,99.706,85.981,4,0.053,TRBCIDU12903CA2F54,0,0
0,22050,17f0a5bef842c3358458a8391270fcb8,0.0,187.76771,0.0,0.0,0,0,0,0,0,0,0,0,0,0,0,0,0,0,0,5,0.349,-15.233,1,0.306,187.768,105.395,1,0.53,TRBCIDR128F92D36B2,0,0
0,22050,ed11ce9c777d15413e36ea7b56630985,0.0,190.9024,0.373,0.0,0,0,0,0,0,0,0,0,0,0,0,0,0,0,0,3,0.287,-11.975,1,0.425,182.364,131.0,4,0.0,TRBCIUW128F92F6F3D,0,2008
0,22050,cac7871d857c553c6b072260943e8215,0.0,164.64934,0.259,0.0,0,0,0,0,0,0,0,0,0,0,0,0,0,0,0,9,0.773,-14.264,1,0.257,154.976,118.704,4,0.751,TRBCIGC128F4249CE6,0,0
0,22050,9bfaa66f1faecadb68c46cd405455bd0,0.0,290.84689,1.042,0.0,0,0,0,0,0,0,0,0,0,0,0,0,0,0,0,8,0.58,-6.558,1,0.445,282.79,126.418,4,0.446,TRBCICD12903CF2BA9,0,0
0,22050,4cee71a86c71b53f256ffc3883f275b8,0.0,345.10322,0.0,0.0,0,0,0,0,0,0,0,0,0,0,0,0,0,0,0,7,0.843,-14.855,0,0.785,345.103,101.954,1,0.0,TRBCIJF12903CF15F3,0,0
0,22050,fe746fb01281bfd21c256121cffd764c,0.0,236.95628,0.287,0.0,0,0,0,0,0,0,0,0,0,0,0,0,0,0,0,8,0.481,-3.924,1,0.394,227.637,139.99,4,0.0,TRBCIRO128F42B0277,0,2002
0,22050,17aca31e21b50bb9733c37f01fa4e7db,0.0,332.79955,0.392,0.0,0,0,0,0,0,0,0,0,0,0,0,0,0,0,0,4,0.753,-10.372,1,0.707,321.451,141.946,4,0.311,TRBCISZ128F92E9CEF,0,0
0,22050,255543af0f252805de10dc6a42f153b8,0.0,223.39873,0.107,0.0,0,0,0,0,0,0,0,0,0,0,0,0,0,0,0,7,0.795,-4.495,1,0.708,208.086,147.745,4,1.0,TRBCIDX128F422F215,0,2004
0,22050,8ef65f03899b15438f19400ecc70fb5d,0.0,187.53261,0.16,0.0,0,0,0,0,0,0,0,0,0,0,0,0,0,0,0,2,0.0,-17.186,0,0.064,183.629,141.185,4,0.0,TRBCIEV12903CE60F1,0,2001
0,22050,ccd78a1df5154f5cc67a6b949cd8276b,0.0,257.82812,0.0,0.0,0,0,0,0,0,0,0,0,0,0,0,0,0,0,0,8,0.0,-6.979,1,0.145,253.498,128.646,5,0.786,TRBCIVP12903CF9688,0,0
0,22050,34238dcb598059f69026cceab2e0ef7a,0.0,268.45995,0.0,0.0,0,0,0,0,0,0,0,0,0,0,0,0,0,0,0,11,0.132,-9.965,0,0.22,258.206,71.229,3,0.545,TRBCIXP128F14A3016,0,0
0,22050,2e4e1f8f70510c4e64ff3ca9240c67a8,0.0,314.122,2.241,0.0,0,0,0,0,0,0,0,0,0,0,0,0,0,0,0,4,0.189,-10.728,1,0.292,308.413,95.138,4,0.214,TRBCIQL128F427C0AD,0,1997
0,22050,c72135846df0b9a7137d7ef1ef7cbce1,0.0,77.29587,0.0,0.0,0,0,0,0,0,0,0,0,0,0,0,0,0,0,0,0,0.0,-11.568,1,0.0,77.296,163.12,4,0.658,TRBCIBA128F934E298,0,0
0,22050,1b6b3c97eb752125a325f2e36e8f97de,0.0,267.57179,0.386,0.0,0,0,0,0,0,0,0,0,0,0,0,0,0,0,0,5,0.886,-9.413,1,0.711,259.796,91.302,4,0.179,TRBCIXV128F4261F09,0,1996
0,22050,9beed0873d3e1e3713c192fa8df02368,0.0,157.02159,0.0,0.0,0,0,0,0,0,0,0,0,0,0,0,0,0,0,0,2,0.471,-4.813,0,0.412,153.037,184.456,4,0.28,TRBCTFW128F931FBE9,0,2004
0,22050,bfbb6e5a5be5c349bb03f3fde7c81d92,0.0,237.50485,0.084,0.0,0,0,0,0,0,0,0,0,0,0,0,0,0,0,0,2,0.77,-3.909,1,0.667,225.907,196.04,3,0.629,TRBCTRX128F4299237,0,2003
0,22050,9a724e0ca6ed3f528793210ece124948,0.0,266.03057,0.0,0.0,0,0,0,0,0,0,0,0,0,0,0,0,0,0,0,7,0.143,-6.404,1,0.361,266.031,129.909,4,0.138,TRBCTBG128F42B7E1B,0,2002
0,22050,5ed0897c774a28efbddad05d775d577f,0.0,267.25832,0.142,0.0,0,0,0,0,0,0,0,0,0,0,0,0,0,0,0,9,0.492,-7.367,0,0.494,259.692,109.991,4,0.791,TRBCTEE128F42438DC,0,2008
0,22050,b438261f4585f3004ed720dfb43db1f9,0.0,231.00036,0.0,0.0,0,0,0,0,0,0,0,0,0,0,0,0,0,0,0,2,0.37,-10.841,0,0.473,227.706,141.508,4,0.0,TRBCTSB128F931D570,0,1982
0,22050,930df9160e1cc21093b8f87aefda872c,0.0,600.37179,0.427,0.0,0,0,0,0,0,0,0,0,0,0,0,0,0,0,0,4,0.287,-7.512,0,0.305,588.121,83.497,3,1.0,TRBCTBL128F931FF29,0,1995
0,22050,3955a83db0ab5ecc34d4f15d2a8aeefb,0.0,462.07955,0.0,0.0,0,0,0,0,0,0,0,0,0,0,0,0,0,0,0,4,0.279,-6.947,0,0.295,453.671,101.006,4,0.95,TRBCTKV128F42222BD,0,2007
0,22050,22f85638928042e3f9a6a82263011fed,0.0,282.3571,1.036,0.0,0,0,0,0,0,0,0,0,0,0,0,0,0,0,0,5,0.247,-15.189,1,0.315,277.049,179.803,4,0.0,TRBCTCQ128F427DE9A,0,0
0,22050,abd8078e0da2f5709e89f78bbd1ecc2b,0.0,199.94077,0.2,0.0,0,0,0,0,0,0,0,0,0,0,0,0,0,0,0,9,0.642,-7.392,0,0.59,191.077,92.686,4,0.783,TRBCADG128F14AB245,0,1984
0,22050,0a2f6b7145ea91a4dea2f3f5d02e0ae8,0.0,287.4771,0.467,0.0,0,0,0,0,0,0,0,0,0,0,0,0,0,0,0,4,0.827,-13.632,1,0.782,272.625,91.999,4,0.452,TRBCAYI128F148B3E8,0,0
0,22050,5a640e748af2461c9e8d800d33533ff2,0.0,436.27057,0.241,0.0,0,0,0,0,0,0,0,0,0,0,0,0,0,0,0,9,0.552,-12.797,0,0.439,432.292,144.076,4,0.341,TRBCASG128F92E5514,0,0
0,22050,ac556c78a83ef2c8216299804761c98e,0.0,277.21098,0.061,0.0,0,0,0,0,0,0,0,0,0,0,0,0,0,0,0,10,0.712,-12.183,1,0.675,257.805,82.763,3,1.0,TRBCAJY128F932C54E,0,1999
0,22050,3eb363e61a9808c425802c433540732a,0.0,169.16853,0.177,0.0,0,0,0,0,0,0,0,0,0,0,0,0,0,0,0,7,0.806,-7.812,1,0.786,159.852,190.605,1,0.0,TRBCABP128F426AA57,0,0
0,22050,d3f6f32691aeeaddd1206f1fb8ac8a36,0.0,198.50404,0.0,0.0,0,0,0,0,0,0,0,0,0,0,0,0,0,0,0,0,0.194,-8.972,1,0.247,196.209,121.878,1,0.158,TRBCAXZ12903D11FD1,0,0
0,22050,6886d5610dd64da33eb03685fd1f4484,0.0,331.36281,0.0,0.0,0,0,0,0,0,0,0,0,0,0,0,0,0,0,0,0,0.806,-12.527,1,0.505,318.851,91.371,4,0.934,TRBCANP128F92FA6B9,0,2006
0,22050,38261571379ee25c764be2d901e32ec7,0.0,211.53914,0.194,0.0,0,0,0,0,0,0,0,0,0,0,0,0,0,0,0,4,0.943,-7.465,0,0.664,205.218,157.614,4,0.099,TRBCACR128F425E727,0,1983
0,22050,e5b78d79dc9fcb70c4779355a076c79b,0.0,203.02322,0.41,0.0,0,0,0,0,0,0,0,0,0,0,0,0,0,0,0,10,0.456,-13.173,0,0.334,197.979,92.783,4,1.0,TRBCAYP128F9304BA9,0,0
0,22050,07bd4731d1b0ecbdbde837f5ef75326c,0.0,206.75873,0.131,0.0,0,0,0,0,0,0,0,0,0,0,0,0,0,0,0,3,0.555,-6.704,0,0.501,191.501,130.008,4,0.495,TRBCALG128F1483839,0,2006
0,22050,e1e560043dc7daeccd08b69b67cec7fc,0.0,281.39057,0.172,0.0,0,0,0,0,0,0,0,0,0,0,0,0,0,0,0,7,0.7,-14.094,1,0.615,271.058,176.945,1,0.0,TRBCAXP12903CC0C6E,0,0
0,22050,18c6595ca6319b8c9397fe30d14ab8eb,0.0,204.90404,0.235,0.0,0,0,0,0,0,0,0,0,0,0,0,0,0,0,0,7,0.24,-3.869,1,0.567,201.253,93.908,4,0.377,TRBCACB128F424C829,0,0
0,22050,0695ac036aac7a585aa17eb69d6da5db,0.0,180.87138,0.492,0.0,0,0,0,0,0,0,0,0,0,0,0,0,0,0,0,11,0.382,-5.959,1,0.436,175.224,137.549,1,0.064,TRBCXIX12903CE8449,0,1974
0,22050,fb4049264d4b058a4dfb3e2c652aeb48,0.0,285.41342,0.38,0.0,0,0,0,0,0,0,0,0,0,0,0,0,0,0,0,2,0.344,-16.301,0,0.482,267.041,182.261,4,0.295,TRBCXUS128F92C3B00,0,0
0,22050,42715960b0cc9e9ce5f003a5e2218ced,0.0,228.51873,0.0,0.0,0,0,0,0,0,0,0,0,0,0,0,0,0,0,0,9,0.667,-2.979,0,0.451,228.519,90.216,4,1.0,TRBCXHD128F4242055,0,0
0,22050,badeb73bd7975dc49a3f87164eb25b76,0.0,261.74649,0.0,0.0,0,0,0,0,0,0,0,0,0,0,0,0,0,0,0,6,0.854,-6.6,1,0.624,254.386,114.786,4,1.0,TRBCXEL128F92D306F,0,0
0,22050,513d063b64524524379281863591e3e4,0.0,237.50485,2.02,0.0,0,0,0,0,0,0,0,0,0,0,0,0,0,0,0,2,0.521,-8.069,1,0.53,227.027,126.0,4,0.0,TRBCXDA128F426A86F,0,0
0,22050,ad99846e3138c834738db4180d3bb872,0.0,172.48608,0.0,0.0,0,0,0,0,0,0,0,0,0,0,0,0,0,0,0,8,0.21,-8.416,0,0.15,169.146,127.151,4,0.191,TRBCXDJ128F9310B9C,0,0
0,22050,cebdbd57c28dec2821cacfde48c62d68,0.0,233.45587,0.0,0.0,0,0,0,0,0,0,0,0,0,0,0,0,0,0,0,5,0.674,-25.163,1,0.606,216.195,134.496,1,0.0,TRBCXLB128F4252906,0,0
0,22050,f1bd0c0b9c53994b15e963d6ec448c74,0.0,118.85669,0.328,0.0,0,0,0,0,0,0,0,0,0,0,0,0,0,0,0,2,0.694,-9.412,1,0.64,118.857,121.423,1,0.0,TRBCXLR12903CC1DC4,0,0
0,22050,90e02fc7975c69d945992a872fcc537e,0.0,236.35546,2.252,0.0,0,0,0,0,0,0,0,0,0,0,0,0,0,0,0,3,0.645,-7.186,0,0.514,228.902,110.1,4,0.964,TRBCORE12903CD6FA0,0,2008
0,22050,3526b6b692729998f5a998392aab10bf,0.0,233.32526,0.0,0.0,0,0,0,0,0,0,0,0,0,0,0,0,0,0,0,8,0.553,-5.755,0,0.459,228.043,151.051,4,0.827,TRBCOBZ128F428005D,0,2008
0,22050,75c7457f685fa25fa7b583ce7dd7831c,0.0,159.21587,0.175,0.0,0,0,0,0,0,0,0,0,0,0,0,0,0,0,0,5,0.036,-4.959,1,0.57,152.787,166.925,4,1.0,TRBCOJB128F92D0199,0,0
0,22050,7d304dfc1e28f591d1cc4a3a90c6557b,0.0,289.64526,0.0,0.0,0,0,0,0,0,0,0,0,0,0,0,0,0,0,0,5,0.561,-6.46,0,0.564,280.201,137.746,4,0.0,TRBCOKA128F4280D91,0,0
0,22050,37002ce806332948b3505b90d4585dca,0.0,120.00608,4.191,0.0,0,0,0,0,0,0,0,0,0,0,0,0,0,0,0,0,0.004,-18.682,0,0.2,120.006,111.004,7,0.827,TRBCOIT128F933E906,0,0
0,22050,aa0e47c8a67899e6fccf481da747de73,0.0,257.04444,0.0,0.0,0,0,0,0,0,0,0,0,0,0,0,0,0,0,0,6,0.565,-6.736,1,0.561,257.044,94.997,4,0.881,TRBCORX128F4275BEB,0,0
0,22050,035a78a91df94026d785d569ff2bb6f0,0.0,65.61914,0.09,0.0,0,0,0,0,0,0,0,0,0,0,0,0,0,0,0,0,0.295,-18.463,1,0.532,65.619,83.574,7,0.846,TRBCOJM12903D0136F,0,2002
0,22050,7b81f4630ca53e1345c8d6d990c6c1c9,0.0,117.28934,0.0,0.0,0,0,0,0,0,0,0,0,0,0,0,0,0,0,0,0,0.665,-4.952,1,0.722,106.04,140.247,4,0.608,TRBCOMF12903CE7B2A,0,0
0,22050,0619a84b178ed0997f9e03ce2905a502,0.0,198.29506,0.0,0.0,0,0,0,0,0,0,0,0,0,0,0,0,0,0,0,4,0.822,-13.129,0,0.541,190.009,130.99,1,0.18,TRBCOEQ12903CAA1BF,0,0
0,22050,4b3f532be661ba4489d0e32a7718605c,0.0,316.21179,0.0,0.0,0,0,0,0,0,0,0,0,0,0,0,0,0,0,0,11,1.0,-7.64,0,0.784,312.784,129.993,4,0.0,TRBCGHZ128F423B81F,0,2007
0,22050,56846bf646340084db353e96c31368e1,0.0,221.41342,0.51,0.0,0,0,0,0,0,0,0,0,0,0,0,0,0,0,0,5,0.915,-7.603,1,0.737,210.75,122.002,4,0.909,TRBCGRI128F93355E9,0,2005
0,22050,4d7bc50f1264d3cc76fa789bf10bd383,0.0,184.34567,0.0,0.0,0,0,0,0,0,0,0,0,0,0,0,0,0,0,0,2,0.007,-8.105,1,0.169,184.346,126.513,4,0.0,TRBCGKB12903CC0031,0,1981
0,22050,92eba546f5f8bc96d6f9cdde7bc120fc,0.0,219.76771,0.537,0.0,0,0,0,0,0,0,0,0,0,0,0,0,0,0,0,2,0.82,-10.837,1,0.597,209.548,147.436,4,0.395,TRBCGET128F9315E90,0,0
0,22050,186a7a06fbb17b086c2f1c245b9504d4,0.0,191.55546,0.0,0.0,0,0,0,0,0,0,0,0,0,0,0,0,0,0,0,5,0.477,-7.196,1,0.589,185.905,140.172,4,1.0,TRBCGXN128F148C0CD,0,1978
0,22050,ac64ae8341c3111b408f96d7a6667350,0.0,289.04444,0.0,0.0,0,0,0,0,0,0,0,0,0,0,0,0,0,0,0,11,0.637,-2.846,0,0.655,280.874,128.006,4,1.0,TRBCGNI128F426C330,0,2008
0,22050,19791e7453d2eb6e07c086a703b84301,0.0,318.9024,0.12,0.0,0,0,0,0,0,0,0,0,0,0,0,0,0,0,0,9,0.352,-14.612,1,0.473,300.652,134.819,4,0.2,TRBCGKN128F4269BD4,0,0
0,22050,47dcc16540e307741bfb975ac519ee90,0.0,113.55383,5.532,0.0,0,0,0,0,0,0,0,0,0,0,0,0,0,0,0,7,0.466,-19.195,1,0.697,102.336,67.76,3,0.947,TRBCGVY128E07853E2,0,0
0,22050,22f113c8777fb8ddff7dbba8d90951b0,0.0,153.49506,0.305,0.0,0,0,0,0,0,0,0,0,0,0,0,0,0,0,0,10,0.524,-15.572,1,0.546,147.958,156.803,1,0.0,TRBCGHP128F933878A,0,1980
0,22050,1d9dc3ccd14c5409dd812fa394128169,0.0,52.32281,0.0,0.0,0,0,0,0,0,0,0,0,0,0,0,0,0,0,0,7,0.108,-14.089,1,0.44,52.323,103.54,4,0.503,TRBCGXG128F9322DBB,0,1994
0,22050,3a6e8e342693e0ac8d0b2c6b6867c20b,0.0,262.94812,0.555,0.0,0,0,0,0,0,0,0,0,0,0,0,0,0,0,0,7,0.876,-25.369,0,0.792,243.026,162.487,4,0.589,TRBCGKB12903CFF680,0,2009
0,22050,9721c0e770c4515e04cf6abcb3d55268,0.0,186.51383,0.0,0.0,0,0,0,0,0,0,0,0,0,0,0,0,0,0,0,3,0.522,-10.32,1,0.485,178.387,116.086,1,0.0,TRBCGLJ128F933277D,0,0
0,22050,209d199de5121fbc74460a05d65d9cc8,0.0,239.35955,0.0,0.0,0,0,0,0,0,0,0,0,0,0,0,0,0,0,0,0,0.778,-15.315,1,0.598,234.022,100.327,3,0.699,TRBCFEF128F92F0A99,0,0
0,22050,b27c940e08510fd457966ffff6c1268a,0.0,120.08444,0.16,0.0,0,0,0,0,0,0,0,0,0,0,0,0,0,0,0,0,0.347,-7.03,0,0.36,114.469,96.177,3,1.0,TRBCFIY128F9361E08,0,0
0,22050,d251f5ba44e4dc1e06d29fff20f2e5a3,0.0,235.78077,0.2,0.0,0,0,0,0,0,0,0,0,0,0,0,0,0,0,0,2,0.606,-9.456,1,0.529,226.511,145.907,4,0.314,TRBCFUZ128F932F797,0,0
0,22050,2a9635a222312a16e19b10168604e415,0.0,182.72608,0.258,0.0,0,0,0,0,0,0,0,0,0,0,0,0,0,0,0,4,0.0,-13.008,0,0.221,177.772,101.308,1,0.0,TRBCFDY128F934D6CF,0,0
0,22050,db10ef03b39841e784a2044ccfa4f5ad,0.0,205.29587,0.737,0.0,0,0,0,0,0,0,0,0,0,0,0,0,0,0,0,0,0.514,-5.758,1,0.478,201.584,159.798,4,0.0,TRBCFNZ128F4241704,0,1995
0,22050,07e51c2f4fa0dd5d063bb016119135bf,0.0,159.29424,0.212,0.0,0,0,0,0,0,0,0,0,0,0,0,0,0,0,0,11,0.518,-6.014,0,0.605,154.825,105.019,4,1.0,TRBCFUS128F92C90DD,0,2006
0,22050,a2b6c2ae76415e1c387b08662dce3776,0.0,178.72934,0.096,0.0,0,0,0,0,0,0,0,0,0,0,0,0,0,0,0,7,0.469,-5.132,1,0.346,178.729,80.891,7,1.0,TRBCFLI128F429F370,0,2003
0,22050,4f57d058263d209ec01fb32b1eefd33e,0.0,263.83628,0.212,0.0,0,0,0,0,0,0,0,0,0,0,0,0,0,0,0,8,0.34,-5.212,1,0.461,249.115,177.362,4,0.565,TRBCFFD128F92D912E,0,2007
0,22050,abeb5e2a337386736d3639a2f4a43bb2,0.0,274.18077,2.821,0.0,0,0,0,0,0,0,0,0,0,0,0,0,0,0,0,9,0.917,-8.899,1,0.636,269.932,104.503,4,0.0,TRBCFPP128E0781D6F,0,0
0,22050,7840ae041d79400408d21c9c2c08bfd6,0.0,135.18322,0.183,0.0,0,0,0,0,0,0,0,0,0,0,0,0,0,0,0,5,0.205,-13.941,1,0.217,130.827,121.371,4,0.0,TRBCLGH12903CCA1D0,0,1967
0,22050,a80db422779ec2ecba26abbc1c9d25d5,0.0,163.52608,3.425,0.0,0,0,0,0,0,0,0,0,0,0,0,0,0,0,0,2,0.386,-17.123,1,0.514,163.526,81.829,4,1.0,TRBCLIO128F426E4B8,0,1996
0,22050,09e806d77612e8154034ffd9edbd650d,0.0,203.7024,0.131,0.0,0,0,0,0,0,0,0,0,0,0,0,0,0,0,0,1,0.231,-12.903,1,0.407,190.769,140.97,1,0.405,TRBCLUS128F92EA61B,0,0
0,22050,4168e6b24392ad2344dcb04290095e66,0.0,137.69098,0.311,0.0,0,0,0,0,0,0,0,0,0,0,0,0,0,0,0,7,0.201,-12.963,1,0.618,125.852,121.218,4,0.89,TRBCLFK128F931A46E,0,0
0,22050,4a1e88f5f731ca0053782197754769e8,0.0,89.62567,3.698,0.0,0,0,0,0,0,0,0,0,0,0,0,0,0,0,0,1,1.0,-17.51,1,0.944,89.626,150.655,1,0.806,TRBCLFF128F92F09CB,0,0
0,22050,57e49967288cd12a06377b9f74710f55,0.0,264.59383,0.112,0.0,0,0,0,0,0,0,0,0,0,0,0,0,0,0,0,9,0.563,-7.762,1,0.327,254.647,165.171,4,0.0,TRBEYVD12903CE3DE9,0,2007
0,22050,a263426d642482270616c882cf1645bb,0.0,316.3424,0.0,0.0,0,0,0,0,0,0,0,0,0,0,0,0,0,0,0,4,0.093,-4.775,0,0.298,316.342,105.486,1,0.0,TRBEYFC128F4286D0A,0,0
0,22050,a2818445baf458f1ffc5787ec2b7a73e,0.0,168.28036,0.392,0.0,0,0,0,0,0,0,0,0,0,0,0,0,0,0,0,8,0.41,-8.079,1,0.593,160.885,96.447,3,0.451,TRBEYTT12903CA0A8E,0,0
0,22050,42fc411bf19e360b64a0daa7dd70517b,0.0,198.63465,0.0,0.0,0,0,0,0,0,0,0,0,0,0,0,0,0,0,0,0,0.874,-9.384,1,0.617,194.943,97.812,4,1.0,TRBEYDS128F148C563,0,1993
0,22050,a9b2afbe877c9d583be38bfe4e10cad7,0.0,262.73914,0.351,0.0,0,0,0,0,0,0,0,0,0,0,0,0,0,0,0,9,0.523,-8.133,1,0.606,255.507,100.005,4,0.601,TRBEYPF128F92EA5E8,0,0
0,22050,37e8816d31fbc94ee51b9a788b762205,0.0,208.79628,0.0,0.0,0,0,0,0,0,0,0,0,0,0,0,0,0,0,0,7,0.716,-9.28,1,0.591,201.671,125.04,4,0.38,TRBEYIB12903CD273F,0,0
0,22050,534b0a2125b4eb5e5ddb0ae270492d43,0.0,33.14893,0.0,0.0,0,0,0,0,0,0,0,0,0,0,0,0,0,0,0,1,0.199,-8.521,1,0.515,33.149,174.211,4,1.0,TRBEYOL128F4222488,0,0
0,22050,d416f1bc92c153bc12153e73a4e7b507,0.0,321.67138,0.0,0.0,0,0,0,0,0,0,0,0,0,0,0,0,0,0,0,9,0.289,-10.458,1,0.477,312.192,129.756,3,0.937,TRBEYYO12903D0DBB1,0,0
0,22050,c8e626745e52a1421e08a4910876d4b2,0.0,212.06159,0.305,0.0,0,0,0,0,0,0,0,0,0,0,0,0,0,0,0,3,0.692,-10.263,0,0.644,206.483,116.228,4,0.255,TRBEYLQ128F42AA7AF,0,0
0,22050,e295362fcc3c64878e64cd1f26aabb2c,0.0,258.40281,2.078,0.0,0,0,0,0,0,0,0,0,0,0,0,0,0,0,0,4,0.814,-8.647,1,0.714,244.175,83.195,4,0.601,TRBEYYM128F1493C56,0,0
0,22050,0a2b7c361ec8eff05078405ec90682d3,0.0,196.25751,0.2,0.0,0,0,0,0,0,0,0,0,0,0,0,0,0,0,0,0,0.601,-15.062,1,0.488,193.469,106.153,3,1.0,TRBEYPA128F933197C,0,1992
0,22050,977ef80049bfc4c0be123bd062a1ab34,0.0,249.18159,0.09,0.0,0,0,0,0,0,0,0,0,0,0,0,0,0,0,0,1,0.337,-6.297,1,0.429,235.224,84.797,4,0.0,TRBEYJR128F4292651,0,2002
0,22050,51f26c9fe9ed24182d456140b545532e,0.0,166.84363,0.0,0.0,0,0,0,0,0,0,0,0,0,0,0,0,0,0,0,5,0.161,-4.97,0,0.388,158.041,122.061,4,0.842,TRBEYXK128F427E125,0,2005
0,22050,c865ee13d24bb2a94f48d0af80b38388,0.0,301.50485,5.172,0.0,0,0,0,0,0,0,0,0,0,0,0,0,0,0,0,7,0.682,-7.006,1,0.699,285.826,137.953,4,0.25,TRBEYTH128F9309622,0,1999
0,22050,96d01bae225f665ec4172915d57426b0,0.0,217.25995,0.0,0.0,0,0,0,0,0,0,0,0,0,0,0,0,0,0,0,9,0.26,-5.095,0,0.348,209.734,208.299,3,1.0,TRBEYAK128F9334433,0,2005
0,22050,0891833f67782c04d24692482787c358,0.0,232.48934,4.998,0.0,0,0,0,0,0,0,0,0,0,0,0,0,0,0,0,7,0.651,-17.181,1,0.646,209.694,129.233,4,0.77,TRBEYEO128F9308A8D,0,1984
0,22050,6912b5e3dd75eb1288355e01d5237c02,0.0,291.57832,0.0,0.0,0,0,0,0,0,0,0,0,0,0,0,0,0,0,0,0,0.428,-10.073,1,0.373,291.578,113.837,4,0.0,TRBEMAH128F424215B,0,0
0,22050,3d276c76cceeb513ca121122833cb279,0.0,413.04771,0.247,0.0,0,0,0,0,0,0,0,0,0,0,0,0,0,0,0,7,0.163,-7.55,1,0.411,398.791,130.103,4,0.0,TRBEMDL128F424ABD6,0,0
0,22050,ba0340c755485e46d7bf7b69265ebf79,0.0,315.03628,0.479,0.0,0,0,0,0,0,0,0,0,0,0,0,0,0,0,0,9,0.568,-10.1,1,0.397,309.156,118.175,4,0.901,TRBEMJC128F14A6E0D,0,1994
0,22050,eeb56823fefde811dd528b871514b1fd,0.0,262.84363,0.486,0.0,0,0,0,0,0,0,0,0,0,0,0,0,0,0,0,7,0.664,-12.266,1,0.762,255.466,153.909,3,1.0,TRBEMBM128F9324F2B,0,0
0,22050,e1247c29bbe47a2bcd776862f7b0924e,0.0,200.07138,0.095,0.0,0,0,0,0,0,0,0,0,0,0,0,0,0,0,0,9,0.67,-4.737,1,0.626,187.826,162.909,4,0.724,TRBEMTF128F42660CA,0,1995
0,22050,e5fddb06dc3f7b6a949cf04b8f698086,0.0,154.61832,0.266,0.0,0,0,0,0,0,0,0,0,0,0,0,0,0,0,0,0,0.267,-24.385,1,0.401,144.893,138.257,4,0.324,TRBEMRD128F426DEC7,0,0
0,22050,5c314085bd83ff6d054e9fd135a78553,0.0,481.48853,0.25,0.0,0,0,0,0,0,0,0,0,0,0,0,0,0,0,0,0,0.624,-15.466,1,0.499,444.929,137.51,4,0.274,TRBEMMZ128F145C514,0,0
0,22050,55c40a5eaaaacdf9b5e589622b97c483,0.0,77.60934,2.699,0.0,0,0,0,0,0,0,0,0,0,0,0,0,0,0,0,5,0.267,-17.944,0,0.621,72.15,82.556,4,0.789,TRBEMTB128F14ACBDF,0,1990
0,22050,3b76400f893eab3d32292a929fb27848,0.0,225.72363,0.201,0.0,0,0,0,0,0,0,0,0,0,0,0,0,0,0,0,2,0.359,-12.62,1,0.36,213.525,128.578,4,0.914,TRBEKLP128F92FB2BD,0,1999
0,22050,e3f04fb3ef68d45d929d14f3e9a92938,0.0,189.20444,0.369,0.0,0,0,0,0,0,0,0,0,0,0,0,0,0,0,0,5,0.024,-3.11,1,0.449,186.578,149.998,3,0.697,TRBEKNV128F9326A8A,0,0
0,22050,e17c67a0298c3d6cb80a21957b900426,0.0,327.1571,11.802,0.0,0,0,0,0,0,0,0,0,0,0,0,0,0,0,0,1,0.599,-5.234,1,0.532,323.5,138.657,4,1.0,TRBEKGR128F425DA44,0,2003
0,22050,1325816a4bfb769ebf68d385697cea22,0.0,207.77751,5.642,0.0,0,0,0,0,0,0,0,0,0,0,0,0,0,0,0,7,0.047,-5.922,1,0.069,207.778,101.994,4,0.273,TRBEKDE128F92E7486,0,1999
0,22050,20f104b83c439f90b536bafe81dcfb9c,0.0,445.17832,0.0,0.0,0,0,0,0,0,0,0,0,0,0,0,0,0,0,0,6,0.389,-3.891,1,0.549,445.178,134.188,7,0.736,TRBEKMX128F92D7B75,0,1987
0,22050,87a9169f5a539ff2dc7bcbd14028a8df,0.0,219.95057,0.0,0.0,0,0,0,0,0,0,0,0,0,0,0,0,0,0,0,9,0.471,-17.493,0,0.4,215.226,88.04,3,1.0,TRBEKGF12903CBE1C6,0,0
0,22050,86b1a7fadd8b398d98e9167547a0b480,0.0,235.65016,0.217,0.0,0,0,0,0,0,0,0,0,0,0,0,0,0,0,0,1,0.486,-6.171,0,0.353,227.898,152.017,4,0.86,TRBEKJN128F42891EE,0,0
0,22050,7bcfd52d7c435a2095154b19b2238013,0.0,229.51138,0.0,0.0,0,0,0,0,0,0,0,0,0,0,0,0,0,0,0,0,0.757,-10.685,1,0.703,217.525,156.414,4,0.91,TRBENHU12903CB6830,0,1982
0,22050,f2257de725086775434387ef8b1ef0de,0.0,179.51302,0.241,0.0,0,0,0,0,0,0,0,0,0,0,0,0,0,0,0,4,0.095,-7.413,1,0.467,164.763,97.08,4,0.536,TRBENZA12903CBF40F,0,0
0,22050,08f5e2abde5540c0b555cde971837238,0.0,41.16853,0.328,0.0,0,0,0,0,0,0,0,0,0,0,0,0,0,0,0,4,0.956,-20.678,1,0.655,39.027,89.483,3,0.972,TRBENIG128F92F281E,0,0
0,22050,a0b6a3353a18ff3b8ec67f97d08e653c,0.0,141.06077,0.0,0.0,0,0,0,0,0,0,0,0,0,0,0,0,0,0,0,4,0.06,-13.425,0,0.412,136.661,181.018,4,0.186,TRBENNA12903D0411A,0,0
0,22050,0a436ef993e9126f2b30dfa5c745e145,0.0,220.26404,0.216,0.0,0,0,0,0,0,0,0,0,0,0,0,0,0,0,0,0,0.117,-19.819,1,0.262,215.098,88.874,1,0.0,TRBENWE128F424AE09,0,0
0,22050,f824ec525d3ee8ad38367d96a457f1d6,0.0,146.23302,0.375,0.0,0,0,0,0,0,0,0,0,0,0,0,0,0,0,0,0,0.28,-13.261,1,0.441,137.66,112.884,3,0.608,TRBENZL128F1455ECA,0,0
0,22050,227071e5ef5bea11b8e70a8ed824455c,0.0,188.1073,0.73,0.0,0,0,0,0,0,0,0,0,0,0,0,0,0,0,0,9,0.378,-9.992,1,0.262,188.107,117.634,4,0.525,TRBENTT128E0781C26,0,1972
0,22050,d938a08ccdda969436152de50e151ac9,0.0,213.002,0.0,0.0,0,0,0,0,0,0,0,0,0,0,0,0,0,0,0,2,0.208,-6.669,0,0.214,208.486,140.001,4,0.661,TRBENCK128F4232BB2,0,0
0,22050,0935414f75b5afcc5653ec2bde88fc01,0.0,236.5122,0.194,0.0,0,0,0,0,0,0,0,0,0,0,0,0,0,0,0,3,0.656,-6.564,1,0.612,222.192,141.982,4,0.331,TRBENOX128F4243501,0,0
0,22050,dceabd8a2bc64377a71ea91585c9d670,0.0,175.25506,0.0,0.0,0,0,0,0,0,0,0,0,0,0,0,0,0,0,0,4,0.582,-11.951,1,0.345,175.255,152.942,4,0.492,TRBENDH128F1467D62,0,1993
0,22050,fe25b053d36f6bb2c8fbdc7dd47e5b19,0.0,500.29669,0.235,0.0,0,0,0,0,0,0,0,0,0,0,0,0,0,0,0,0,0.185,-5.021,1,0.489,492.06,120.284,4,0.652,TRBENZB128F429C5FD,0,0
0,22050,7682f328c7dc526460c4206247d11b11,0.0,395.93751,0.967,0.0,0,0,0,0,0,0,0,0,0,0,0,0,0,0,0,4,0.39,-13.585,0,0.498,370.834,106.328,3,0.932,TRBENBG12903CF94B4,0,0
0,22050,dcec50a95d197d52e55a8c4f96f31f03,0.0,236.7473,0.27,0.0,0,0,0,0,0,0,0,0,0,0,0,0,0,0,0,1,0.833,-9.2,1,0.554,224.932,154.084,1,0.0,TRBERUM128F148AC93,0,0
0,22050,d3e987afec323f512ae983d7594725a5,0.0,163.23873,0.067,0.0,0,0,0,0,0,0,0,0,0,0,0,0,0,0,0,5,0.682,-8.662,1,0.523,155.516,189.682,4,0.0,TRBERHS128F92FF079,0,0
0,22050,0a928ec9281cdf08eeec89ab0cde6cfc,0.0,176.32608,0.264,0.0,0,0,0,0,0,0,0,0,0,0,0,0,0,0,0,5,0.555,-16.748,0,0.409,172.292,149.056,1,0.0,TRBERGT128F42A009F,0,2005
0,22050,e1502ea0a2fb64361b15d195bb2b3a97,0.0,343.50975,6.699,0.0,0,0,0,0,0,0,0,0,0,0,0,0,0,0,0,7,0.511,-22.999,0,0.553,330.379,37.797,4,0.0,TRBERKY128F42290CA,0,0
0,22050,dc7df6a5cc89291a206336691489252e,0.0,520.04526,0.0,0.0,0,0,0,0,0,0,0,0,0,0,0,0,0,0,0,1,0.0,-7.269,1,0.0,516.963,132.084,1,0.066,TRBERJE128F425F098,0,0
0,22050,4f8ae9472fd045edd3153ccc604988b2,0.0,724.92363,0.0,0.0,0,0,0,0,0,0,0,0,0,0,0,0,0,0,0,6,0.095,-13.026,0,0.302,708.812,112.47,4,0.979,TRBERJV128F1458463,0,0
0,22050,f61c4f46e5fe81f482d61a4b2f00abcd,0.0,309.9424,0.218,0.0,0,0,0,0,0,0,0,0,0,0,0,0,0,0,0,5,0.664,-15.001,1,0.495,273.223,75.699,3,0.81,TRBERIX12903CEF907,0,0
0,22050,e10eb9b6ea80f56380fa6516d4bca4c5,0.0,225.04444,0.572,0.0,0,0,0,0,0,0,0,0,0,0,0,0,0,0,0,1,0.771,-7.983,1,0.664,217.797,135.706,4,0.848,TRBERHG128F933AC46,0,2005
0,22050,e5fc96c683524809a3616ff6fdf4614a,0.0,210.93832,0.0,0.0,0,0,0,0,0,0,0,0,0,0,0,0,0,0,0,7,0.541,-7.336,1,0.5,190.392,190.035,4,0.0,TRBERLZ12903CC4747,0,2006
0,22050,8406bfc1b0391e38e24601a2996cad22,0.0,220.78649,0.345,0.0,0,0,0,0,0,0,0,0,0,0,0,0,0,0,0,1,1.0,-5.839,1,0.67,217.403,97.054,4,1.0,TRBEROX128F4270745,0,2002
0,22050,683396aac6e0e50b1e6cc0e1f8f49faa,0.0,218.40934,0.2,0.0,0,0,0,0,0,0,0,0,0,0,0,0,0,0,0,0,0.084,-5.426,0,0.321,211.487,137.954,4,0.134,TRBERCZ128E0787D93,0,1999
0,22050,0011d76578d311a266fd4d6584895ff8,0.0,147.9571,0.084,0.0,0,0,0,0,0,0,0,0,0,0,0,0,0,0,0,1,0.959,-13.842,0,0.793,141.305,155.815,4,1.0,TRBECDN128F4225717,0,0
0,22050,4a1ada210fb8228a78a9efaf00d94d7d,0.0,220.08118,2.258,0.0,0,0,0,0,0,0,0,0,0,0,0,0,0,0,0,2,0.28,-5.766,1,0.511,208.149,110.156,4,1.0,TRBECRX128F423B50B,0,0
0,22050,6717d1513a586c5b3ebe25554fa73b23,0.0,228.44036,0.0,0.0,0,0,0,0,0,0,0,0,0,0,0,0,0,0,0,1,0.118,-6.923,1,0.295,212.068,95.932,4,1.0,TRBECKU128F428B08A,0,2001
0,22050,736c9ed1815715cc3e5179204757ddbb,0.0,198.39955,2.467,0.0,0,0,0,0,0,0,0,0,0,0,0,0,0,0,0,7,0.545,-16.686,1,0.627,190.555,83.461,3,1.0,TRBECVD128F92F9E21,0,0
0,22050,b44d1e5d37c3482a3cebec58aa00bec4,0.0,239.0722,0.13,0.0,0,0,0,0,0,0,0,0,0,0,0,0,0,0,0,7,0.113,-7.427,1,0.339,235.247,152.887,4,0.0,TRBECGH12903CC2304,0,2010
0,22050,17c283b300331f472e60de375e722def,0.0,170.762,0.295,0.0,0,0,0,0,0,0,0,0,0,0,0,0,0,0,0,10,0.213,-23.086,1,0.331,161.547,112.4,1,0.0,TRBECBY128F148B6F3,0,0
0,22050,af94e90288658a1c906244d0725b841e,0.0,163.7873,0.403,0.0,0,0,0,0,0,0,0,0,0,0,0,0,0,0,0,11,0.733,-20.32,0,0.757,152.108,120.039,1,0.0,TRBECUJ128F14B0BA7,0,0
0,22050,7c38331578984a73190cae2009e270ed,0.0,253.57016,0.223,0.0,0,0,0,0,0,0,0,0,0,0,0,0,0,0,0,4,0.851,-7.268,0,0.489,241.162,155.827,4,0.505,TRBECIP128F42515B1,0,0
0,22050,7eca9c3cea145dd6b682e1d4cf8b296b,0.0,174.81098,0.0,0.0,0,0,0,0,0,0,0,0,0,0,0,0,0,0,0,2,0.037,-9.315,0,0.468,170.945,110.065,4,0.0,TRBECST12903CDC40B,0,0
0,22050,89d9f4844e54d6268efeaa503f7d7bd2,0.0,341.65506,0.427,0.0,0,0,0,0,0,0,0,0,0,0,0,0,0,0,0,9,0.612,-22.404,0,0.68,324.046,136.778,1,0.367,TRBECNX128F92FA80F,0,0
0,22050,c2345fb40e382bd3806989b4672e5bcf,0.0,368.1171,0.496,0.0,0,0,0,0,0,0,0,0,0,0,0,0,0,0,0,9,0.85,-12.157,1,0.562,351.539,58.387,4,0.572,TRBECAL128F4270F27,0,1993
0,22050,5e6b1fe25e8d0eb2f9fa52d63f0c920b,0.0,295.33995,0.243,0.0,0,0,0,0,0,0,0,0,0,0,0,0,0,0,0,11,0.649,-5.676,1,0.739,285.292,161.868,4,1.0,TRBECBM128F426AA34,0,1999
0,22050,0867d229efc5d0e2975efcbe904d7248,0.0,149.78567,0.531,0.0,0,0,0,0,0,0,0,0,0,0,0,0,0,0,0,7,0.447,-9.979,1,0.38,141.642,124.253,4,0.683,TRBECMV128F427614B,0,0
0,22050,ee24300bb4cf5e504ef2376b44377a2d,0.0,273.52771,0.293,0.0,0,0,0,0,0,0,0,0,0,0,0,0,0,0,0,11,0.226,-5.558,0,0.354,258.357,129.991,4,0.306,TRBECNW128F426BE82,0,2008
0,22050,14094bca2453a693090013037145ac84,0.0,217.25995,0.109,0.0,0,0,0,0,0,0,0,0,0,0,0,0,0,0,0,8,0.535,-19.769,1,0.484,213.008,116.044,1,0.0,TRBEJKS128F426D823,0,1980
0,22050,1d0f74b41955e13daf560739257ef95a,0.0,200.75057,0.738,0.0,0,0,0,0,0,0,0,0,0,0,0,0,0,0,0,10,0.454,-15.137,1,0.456,195.379,137.835,1,0.0,TRBEJYW128F93018AF,0,0
0,22050,f1296fd1fbad3b9fcc00ca8de60169a1,0.0,14.86322,0.0,0.0,0,0,0,0,0,0,0,0,0,0,0,0,0,0,0,0,0.0,-6.53,1,0.0,14.863,73.531,4,0.964,TRBEJHM12903CBE801,0,0
0,22050,7847191fae88c8b2163417bc9ea905f8,0.0,164.12689,0.461,0.0,0,0,0,0,0,0,0,0,0,0,0,0,0,0,0,0,0.678,-17.876,1,0.496,157.077,96.859,1,0.607,TRBEJHQ128F421EFD2,0,0
0,22050,bf35f54e6f5e886b05b67ce5bc7be4c3,0.0,235.20608,0.938,0.0,0,0,0,0,0,0,0,0,0,0,0,0,0,0,0,3,0.413,-8.045,0,0.414,226.992,138.311,4,0.71,TRBEJVP128F429D21B,0,0
0,22050,7614d6d8813c0942ab4968530414a6f6,0.0,348.21179,0.252,0.0,0,0,0,0,0,0,0,0,0,0,0,0,0,0,0,2,0.611,-17.722,1,0.758,341.06,94.223,4,0.0,TRBEJDZ128F92D02F8,0,1997
0,22050,e8d98cac67cb79ca8d14b26c6556fc17,0.0,293.95546,4.452,0.0,0,0,0,0,0,0,0,0,0,0,0,0,0,0,0,1,0.646,-11.708,1,0.497,284.619,112.281,4,0.998,TRBEJKW128F92FCEED,0,0
0,22050,1c518edbd8a31614164e9ae72e42f0cc,0.0,170.23955,0.0,0.0,0,0,0,0,0,0,0,0,0,0,0,0,0,0,0,2,0.618,-8.714,0,0.69,165.169,119.693,4,0.573,TRBEJCS128F4249EA2,0,0
0,22050,d17d5dc86928c440b41b1692f010234b,0.0,70.03383,0.0,0.0,0,0,0,0,0,0,0,0,0,0,0,0,0,0,0,9,0.155,-4.665,1,0.345,64.824,164.216,4,0.909,TRBEJFD128F93222D8,0,2002
0,22050,3e1aeb9866cfbee9e35196737c106880,0.0,234.05669,3.39,0.0,0,0,0,0,0,0,0,0,0,0,0,0,0,0,0,7,0.777,-3.398,1,0.527,228.496,100.482,4,0.449,TRBESDU128F92F3CE9,0,0
0,22050,cf9742d2361e308190ebf70fd9c298a6,0.0,350.64118,0.113,0.0,0,0,0,0,0,0,0,0,0,0,0,0,0,0,0,7,0.615,-21.339,0,0.327,335.256,132.888,3,0.318,TRBESDU128F4277813,0,2005
0,22050,e41c33447069dbfec890976ee509c0a7,0.0,165.72036,0.073,0.0,0,0,0,0,0,0,0,0,0,0,0,0,0,0,0,2,0.316,-8.291,1,0.524,165.72,84.736,1,0.044,TRBESAQ12903CD9497,0,0
0,22050,22b5785af5c44a37c54bd88fe959a63d,0.0,219.97669,0.253,0.0,0,0,0,0,0,0,0,0,0,0,0,0,0,0,0,0,0.55,-11.132,1,0.565,211.313,99.914,4,0.944,TRBESWH128F14722F5,0,0
0,22050,02a14d11da669cfafeb2013c9e877f5a,0.0,222.32771,0.328,0.0,0,0,0,0,0,0,0,0,0,0,0,0,0,0,0,9,0.483,-6.611,1,0.472,210.088,88.024,4,0.864,TRBESWC128EF34B859,0,2006
0,22050,b2e130e907bed5213722ac493f4c6240,0.0,279.53587,0.119,0.0,0,0,0,0,0,0,0,0,0,0,0,0,0,0,0,8,0.08,-5.852,1,0.42,276.544,129.962,4,0.334,TRBESEX128F147BB13,0,2006
0,22050,c4444a78e08bdecc9b29ef2b3c20e8bf,0.0,202.05669,0.0,0.0,0,0,0,0,0,0,0,0,0,0,0,0,0,0,0,7,0.828,-10.319,1,0.812,194.473,70.759,3,0.88,TRBESGH128E0788912,0,1993
0,22050,1e4689e3e213bae019fd01bf78a81980,0.0,214.96118,0.345,0.0,0,0,0,0,0,0,0,0,0,0,0,0,0,0,0,6,0.329,-9.183,0,0.436,206.17,130.023,4,0.216,TRBESXG128F4243BFB,0,0
0,22050,be570198a37d38085c1119f4481741aa,0.0,241.50159,0.345,0.0,0,0,0,0,0,0,0,0,0,0,0,0,0,0,0,2,0.734,-2.818,1,0.561,220.259,163.393,4,0.0,TRBESVW128F92F6960,0,2007
0,22050,fd3f8b2b73e2fa9110d3c5cfd47eb2e6,0.0,197.69424,2.258,0.0,0,0,0,0,0,0,0,0,0,0,0,0,0,0,0,3,0.332,-10.321,0,0.245,183.385,151.752,4,0.52,TRBESBZ12903CA0A95,0,1990
0,22050,da9b75ad96b28948bce031f8682ee519,0.0,223.97342,0.0,0.0,0,0,0,0,0,0,0,0,0,0,0,0,0,0,0,3,0.305,-5.064,0,0.285,220.079,127.969,4,0.487,TRBEQPB128F933D621,0,0
0,22050,1147c3e530a2be50f695dc35b8f6d703,0.0,244.92363,0.204,0.0,0,0,0,0,0,0,0,0,0,0,0,0,0,0,0,11,0.114,-6.165,1,0.376,240.309,88.566,3,1.0,TRBEQNH12903CB087E,0,0
0,22050,2f3c100b5e30d4ea68ca2e38a9f0bb88,0.0,207.09832,0.0,0.0,0,0,0,0,0,0,0,0,0,0,0,0,0,0,0,5,0.075,-9.483,1,0.263,192.232,110.509,4,0.0,TRBEQNB128F9327242,0,0
0,22050,d10712e0efb6613f205740f7c6f631cb,0.0,208.50893,0.137,0.0,0,0,0,0,0,0,0,0,0,0,0,0,0,0,0,0,0.002,-8.28,1,0.336,201.12,100.002,4,1.0,TRBEQFT128F4238A28,0,2001
0,22050,dac8f290b59c4db886dc454e7dda803a,0.0,229.58975,2.177,0.0,0,0,0,0,0,0,0,0,0,0,0,0,0,0,0,4,0.065,-9.655,0,0.293,222.592,149.844,4,0.462,TRBEQUV12903CBD17A,0,0
0,22050,e5f116dd612a94a138d5f9b2492b4f3f,0.0,310.80444,0.0,0.0,0,0,0,0,0,0,0,0,0,0,0,0,0,0,0,6,0.015,-10.311,1,0.195,310.804,87.618,4,0.688,TRBEQZJ128F9300B50,0,2003
0,22050,e858ffce83d2fecc443d1928c0978a88,0.0,128.62649,2.345,0.0,0,0,0,0,0,0,0,0,0,0,0,0,0,0,0,9,0.376,-10.297,0,0.475,128.626,138.54,3,0.156,TRBEQFT128F146BD6D,0,2003
0,22050,cd6b38b031cb1a68a1267eb20ecfa115,0.0,99.70893,1.367,0.0,0,0,0,0,0,0,0,0,0,0,0,0,0,0,0,9,0.239,-11.404,1,0.39,96.903,118.566,3,0.921,TRBEQHL128F4272CBC,0,0
0,22050,674fe931e79750ee0f4156a9c8f98b8d,0.0,265.29914,0.351,0.0,0,0,0,0,0,0,0,0,0,0,0,0,0,0,0,0,0.644,-10.312,1,0.669,251.298,169.131,1,0.0,TRBEVZN128F9330A0D,0,2000
0,22050,57745ee50602ab2347c522302bf19fc7,0.0,201.42975,0.282,0.0,0,0,0,0,0,0,0,0,0,0,0,0,0,0,0,0,0.023,-12.396,0,0.306,185.789,173.903,4,0.767,TRBEVND128F93429DD,0,0
0,22050,8bb0100f1896b3082aa491d87dc90549,0.0,183.14404,0.636,0.0,0,0,0,0,0,0,0,0,0,0,0,0,0,0,0,3,0.588,-16.262,1,0.757,175.375,161.996,4,0.182,TRBEVSH128F92D5CFC,0,0
0,22050,deb7a562a216ce610d2589e87de09ba1,0.0,357.642,0.194,0.0,0,0,0,0,0,0,0,0,0,0,0,0,0,0,0,11,0.031,-10.851,1,0.384,350.79,114.313,4,1.0,TRBEVTM128F92FE2B2,0,1997
0,22050,58b628b66eb3df1b581a349f4406f694,0.0,177.76281,0.061,0.0,0,0,0,0,0,0,0,0,0,0,0,0,0,0,0,8,0.573,-8.335,1,0.506,171.862,148.03,4,0.673,TRBEVJC12903CCE75B,0,0
0,22050,5da090d8ca0778cf3371c13fca1e39b9,0.0,198.00771,0.258,0.0,0,0,0,0,0,0,0,0,0,0,0,0,0,0,0,5,0.645,-15.855,1,0.556,191.733,125.692,1,0.0,TRBEVII12903CA1A06,0,1991
0,22050,58f6b93709395bd4b35b951a2a5bfe02,0.0,203.38893,0.0,0.0,0,0,0,0,0,0,0,0,0,0,0,0,0,0,0,0,0.374,-7.762,0,0.481,191.745,103.995,4,0.0,TRBEEWC128F9344A22,0,0
0,22050,d13c488918e016b359959e7dbec827f0,0.0,245.96853,0.084,0.0,0,0,0,0,0,0,0,0,0,0,0,0,0,0,0,3,0.53,-4.301,1,0.578,238.51,100.013,4,0.416,TRBEEEP128F426C17D,0,0
0,22050,60233c347bf575cc7c1a8f035ca9fe5e,0.0,255.73832,0.38,0.0,0,0,0,0,0,0,0,0,0,0,0,0,0,0,0,5,0.672,-6.137,0,0.621,234.887,143.881,4,0.246,TRBEERY128F4231A2E,0,0
0,22050,7240719c88acb37641324162f7afa923,0.0,153.88689,0.0,0.0,0,0,0,0,0,0,0,0,0,0,0,0,0,0,0,11,0.504,-5.394,1,0.647,150.32,187.874,3,0.425,TRBEEAF128F92E6382,0,0
0,22050,0699bb57e2d435a9d8ff403daa9ee74a,0.0,291.63057,0.0,0.0,0,0,0,0,0,0,0,0,0,0,0,0,0,0,0,10,0.048,-8.933,0,0.335,288.908,128.991,1,0.147,TRBEEJH128F92FAC0D,0,0
0,22050,b90a7f3f654d1bd677171298df0021ba,0.0,446.24934,0.247,0.0,0,0,0,0,0,0,0,0,0,0,0,0,0,0,0,10,0.0,-20.226,1,0.185,436.645,92.341,3,0.646,TRBEEQG128F42732AB,0,0
0,22050,b7556115f4c8165d807ee02147105300,0.0,261.17179,0.0,0.0,0,0,0,0,0,0,0,0,0,0,0,0,0,0,0,3,0.087,-6.281,1,0.272,261.172,178.531,7,0.555,TRBEEMB128F9320082,0,2002
0,22050,04251aba466660a0f24a33671bb7e853,0.0,344.05832,0.0,0.0,0,0,0,0,0,0,0,0,0,0,0,0,0,0,0,7,0.745,-10.634,1,0.713,325.538,167.753,4,0.535,TRBEELS128F42B63A8,0,1992
0,22050,4f906b1801a5beb318cc19334169caf5,0.0,203.54567,0.0,0.0,0,0,0,0,0,0,0,0,0,0,0,0,0,0,0,9,0.299,-1.217,1,0.693,203.546,178.518,4,0.0,TRBEEDK128F424D995,0,2007
0,22050,b581b34fb09805d035ca12c41c3c0e2e,0.0,433.37098,0.0,0.0,0,0,0,0,0,0,0,0,0,0,0,0,0,0,0,1,0.202,-14.057,1,0.498,419.283,84.87,4,0.235,TRBEEQF128F4283395,0,0
0,22050,f6977e0f194490898bd0f4a653a1b375,0.0,210.54649,0.0,0.0,0,0,0,0,0,0,0,0,0,0,0,0,0,0,0,11,0.124,-3.275,0,0.5,205.351,100.078,4,0.917,TRBEEWS12903CD0B60,0,2004
0,22050,6829aaf86634329af2391390768afd3a,0.0,297.66485,0.068,0.0,0,0,0,0,0,0,0,0,0,0,0,0,0,0,0,7,0.339,-6.454,1,0.413,288.624,215.349,3,0.925,TRBEEJS128F9340A8B,0,0
0,22050,b7e676a9064c3d899e1dd4b501690432,0.0,239.43791,0.364,0.0,0,0,0,0,0,0,0,0,0,0,0,0,0,0,0,7,0.786,-11.102,1,0.741,230.301,80.039,3,0.836,TRBEHTC128F42150EB,0,0
0,22050,845aea1acc31f5ef9d7c589d4117eca6,0.0,213.7073,0.324,0.0,0,0,0,0,0,0,0,0,0,0,0,0,0,0,0,8,0.191,-7.754,1,0.348,196.423,112.051,4,0.772,TRBEHBS128F4233471,0,2000
0,22050,14e1420a77fd07c0ca863766768fb0c4,0.0,227.89179,0.102,0.0,0,0,0,0,0,0,0,0,0,0,0,0,0,0,0,4,0.746,-12.147,0,0.776,215.777,168.989,4,0.163,TRBEHVM128F93506BD,0,0
0,22050,7c91a39cb08c87524574c3f5eca5874d,0.0,211.35628,0.601,0.0,0,0,0,0,0,0,0,0,0,0,0,0,0,0,0,9,0.269,-6.574,1,0.361,204.957,120.985,4,0.298,TRBEHHL128F92E90F5,0,0
